Имя,Фамилия,Отчество,Имя организации,Рабочий телефон,Личный телефон
Маринов,Юлианович,Harris Group,+7 (923) 335-69-98,+7 (928) 983-13-96,
Маргарита,Кабицина,Семеновна,Ramirez LLC,+7 (953) 480-47-97,+7 (911) 135-30-48
Степан,Кузинков,Антонович,Williams PLC,+7 (973) 974-58-81,+7 (955) 587-59-66
Венедикт,Бельтюков,Валерьевич,Taylor Ltd,+7 (992) 949-71-68,+7 (960) 366-79-56
Аркадий,Смотров,Никитьевич,"Powers, Smith and Alexander",+7 (975) 645-31-21,+7 (914) 169-34-44
Полина,Ягофарова,Антоновна,"Miller, Davis and Morris",+7 (944) 919-26-20,+7 (932) 806-69-35
Макар,Тимошкин,Степанович,"Townsend, King and Abbott",+7 (954) 262-64-27,+7 (941) 819-88-87
Филипп,Колобков,Прокльев,"Stephenson, Maldonado and Anderson",+7 (962) 707-58-16,+7 (909) 218-21-49
Ефим,Скороходов,Константинович,Williams Inc,+7 (907) 954-94-29,+7 (924) 759-80-30
Ульяна,Яглинцева,Порфнрьевна,Garza Ltd,+7 (907) 857-20-53,+7 (976) 542-64-76
Аполлинария,Кутузова,Лльвона,"Conley, Joseph and Glover",+7 (907) 653-96-89,+7 (958) 640-70-46
Семен,Ямщиков,Никифорович,Hernandez LLC,+7 (952) 299-41-28,+7 (930) 813-21-19
Аполлинария,Устимовича,Иннокентьевна,Cooley-Williams,+7 (979) 958-68-20,+7 (937) 947-56-53
Оксана,Чугунова,Ефимовна,Thomas-Brown,+7 (934) 110-19-83,+7 (983) 660-55-19
Марфа,Корниенко,Антоновна,"Spencer, Cherry and Watts",+7 (977) 264-76-72,+7 (971) 259-83-19
Адам,Тэн,Антонович,Johnson and Sons,+7 (907) 672-39-76,+7 (945) 925-42-63
Афанасия,Прудникова,Ильишна,Smith-Jordan,+7 (935) 639-70-45,+7 (933) 853-72-21
Роман,Куксилин,Иванович,"Garner, Nash and Wilson",+7 (956) 842-11-58,+7 (979) 402-17-16
Нина,Корзоватых,Александровна,"French, Henderson and Delgado",+7 (959) 336-72-60,+7 (929) 120-36-50
Юлиана,Трутнева,Никифоровна,Stevens-Patterson,+7 (912) 773-73-92,+7 (965) 419-87-36
Антон,Бобрик,Егорович,Weaver Inc,+7 (908) 873-38-88,+7 (963) 249-83-41
Юлия,Шаньгина,Тарасовна,Tucker Ltd,+7 (927) 213-52-65,+7 (967) 386-16-19
Герасим,Якушкин,Иванович,Lynn PLC,+7 (974) 723-95-19,+7 (918) 246-44-12
Алиса,Пайкова,Афанасьевна,Fowler Group,+7 (979) 856-15-82,+7 (973) 289-60-83
Иван,Муленко,Всеволодович,Johnson PLC,+7 (932) 657-81-40,+7 (968) 716-18-82
Антонина,Ивакина,Юлиановна,Wilson-Campbell,+7 (914) 523-27-68,+7 (936) 379-13-64
Степан,Веселовский,Ильич,Smith Group,+7 (944) 914-55-43,+7 (963) 833-98-97
Валерия,Канаша,Давидовна,Hunt-Young,+7 (994) 865-49-78,+7 (958) 280-40-40
Зоя,Смирновская,Ираклиевна,Shepard Group,+7 (958) 669-34-81,+7 (933) 749-13-18
Артем,Подшивалов,Наумович,"Delacruz, Terrell and Christian",+7 (990) 333-13-14,+7 (941) 917-12-36
Георгий,Вастьянов,Тимофеевич,Hobbs-Mclean,+7 (987) 992-52-74,+7 (909) 781-80-42
Аполлинария,Ядрищенская,Прокловна,"Wolfe, Hayes and Dennis",+7 (947) 284-40-23,+7 (993) 180-11-53
Марк,Привалов,Юлианович,Foster LLC,+7 (945) 887-67-49,+7 (969) 283-12-86
Максим,Холодов,Данилович,"King, Cole and Wilson",+7 (998) 696-89-66,+7 (992) 618-60-37
Татьяна,Черниенко,Семеновна,"Miller, Ward and Allen",+7 (914) 362-32-51,+7 (948) 889-67-61
София,Путина,Георгьевна,Williams-Bender,+7 (961) 209-59-61,+7 (969) 523-30-86
Павел,Александров,Тимофеевич,"Espinoza, Graham and Flowers",+7 (937) 688-51-79,+7 (993) 391-99-99
Марьямна,Железкина,Константиновна,"Doyle, Jones and Kelly",+7 (936) 190-91-82,+7 (999) 556-88-27
Римма,Портнова,Марковна,Webb LLC,+7 (933) 661-81-46,+7 (978) 822-10-96
Пелагея,Пестова,Давидович,Barker Ltd,+7 (975) 226-98-18,+7 (946) 126-35-20
Петр,Манякин,Тимофеевич,"Duran, Bryant and Burns",+7 (964) 114-41-50,+7 (919) 431-60-56
Леонтий,Глаголев,Герасимович,Oliver-Combs,+7 (930) 236-75-93,+7 (968) 946-95-63
Юлиана,Таланова,Никитьевна,Jackson Inc,+7 (939) 735-79-62,+7 (929) 576-12-89
Герасим,Чечин,Георгиевич,Holmes-Henderson,+7 (997) 363-55-62,+7 (996) 520-75-91
Арина,Кылымныка,Николаевна,Gutierrez LLC,+7 (990) 147-68-22,+7 (917) 564-21-46
Юрий,Тамаркин,Трофимович,Chambers Inc,+7 (987) 318-23-96,+7 (964) 828-44-48
Рада,Травникова,Евгеньевна,"Austin, Rodriguez and Hunter",+7 (973) 844-41-90,+7 (905) 943-25-91
Егор,Грибакин,Кириллович,Jackson-Carey,+7 (989) 454-21-76,+7 (930) 157-64-21
Алиса,Кулешова,Федотовна,Strong-Lawrence,+7 (926) 783-97-16,+7 (915) 153-51-28
Анфиса,Боярская,Петровна,Pearson-Shepard,+7 (910) 322-75-45,+7 (916) 143-75-59
Севастьян,Садков,Ильич,Boyer Inc,+7 (951) 703-70-30,+7 (944) 914-43-10
Клара,Хабенская,Филипповна,"Harris, Rivera and Franklin",+7 (937) 723-38-59,+7 (935) 361-12-84
Феликс,Носачёв,Макарович,Hughes Group,+7 (969) 442-97-97,+7 (910) 393-47-78
Прохор,Ефремов,Константинович,Shepherd Ltd,+7 (963) 170-19-41,+7 (978) 172-56-73
Ника,Ямщикова,Якововна,Campbell Ltd,+7 (928) 106-63-61,+7 (925) 568-30-87
Оксана,Яркина,Макаровна,"Hodges, Burton and Cordova",+7 (919) 889-98-86,+7 (926) 319-78-16
Марфа,Дутова,Наумовна,Baker-Holloway,+7 (910) 899-57-59,+7 (955) 874-13-99
Мила,Будникова,Прохоровна,Allen-Brown,+7 (918) 727-92-17,+7 (998) 673-94-27
Николай,Гринин,Артемович,Leonard-Farrell,+7 (977) 436-16-12,+7 (964) 235-94-71
Севастьян,Яцкевич,Николаевич,Jimenez-Thompson,+7 (905) 800-34-21,+7 (966) 543-89-48
Валерий,Закруткин,Ипполитович,Wolf Ltd,+7 (965) 705-17-71,+7 (996) 427-79-99
Сергей,Пирожков,Евгениевич,Glenn-Lopez,+7 (999) 108-88-91,+7 (976) 777-71-91
Варвара,Селезнёва,Валентиновна,"Skinner, Cline and Tran",+7 (919) 878-94-29,+7 (988) 300-59-60
Рада,Постникова,Егоровна,Norris Group,+7 (947) 646-54-47,+7 (920) 526-30-37
Виталий,Сучков,Павлович,Morris-Taylor,+7 (988) 728-25-15,+7 (917) 335-88-65
Настасья,Колвецкая,Тарасовна,"Brady, Edwards and Sexton",+7 (959) 575-74-70,+7 (928) 260-93-23
Максим,Голотин,Иванович,Singleton-Robles,+7 (906) 384-35-68,+7 (931) 857-34-99
Мила,Шишканова,Артемова,Cunningham-Anderson,+7 (978) 984-85-45,+7 (952) 544-20-33
Тарас,Лещенко,Климентович,Nash-Duncan,+7 (938) 788-67-33,+7 (949) 498-72-86
Никита,Казакевич,Вячеславович,Garcia-Macdonald,+7 (946) 963-86-68,+7 (931) 324-60-90
Анфиса,Цекало,Ефимовна,Coleman Group,+7 (912) 428-84-92,+7 (914) 888-32-36
Ольга,Чувикова,Давидовна,Little-Banks,+7 (943) 837-29-89,+7 (988) 111-37-18
Константин,Ягодин,Филиппович,Peters-Woods,+7 (922) 472-39-77,+7 (963) 961-80-67
Никита,Шеховцов,Артемович,Hines LLC,+7 (910) 560-10-68,+7 (936) 714-45-26
Валентин,Целиковский,Константинович,Turner-Moore,+7 (964) 113-78-23,+7 (955) 806-41-35
София,Позднякова,Никандровна,Marquez-Fuller,+7 (991) 203-14-66,+7 (972) 843-40-13
Семен,Цуканов,Романович,"Eaton, Taylor and Harris",+7 (964) 966-87-37,+7 (959) 402-59-96
Савва,Астрединов,Леонтьевич,"Fernandez, Ellis and Rodriguez",+7 (992) 981-17-76,+7 (951) 366-80-63
Арсений,Ёжов,Елизарович,"Huerta, Young and Bradley",+7 (906) 235-36-94,+7 (995) 109-49-42
Анжела,Ахвледиани,Юлиановна,Perez and Sons,+7 (908) 374-22-68,+7 (988) 159-89-11
Маргарита,Якубенко,Федоровна,Sheppard LLC,+7 (920) 744-96-30,+7 (918) 254-30-99
Ростислав,Макаров,Филиппович,Wilson Inc,+7 (990) 968-42-41,+7 (932) 458-80-40
Семен,Косинов,Данилович,Fowler-Green,+7 (995) 904-28-56,+7 (920) 413-79-96
Евгений,Эллинский,Григорьевич,Carpenter Inc,+7 (916) 301-21-40,+7 (998) 434-63-64
Игнат,Кондраков,Власович,Dillon-Benjamin,+7 (915) 614-28-13,+7 (948) 828-56-22
Венедикт,Абоимов,Юлианович,"Roy, Erickson and Lloyd",+7 (906) 921-24-95,+7 (995) 477-20-93
Гавриил,Нестеров,Ипполитович,"Cox, Trujillo and Romero",+7 (977) 508-81-20,+7 (990) 882-81-66
Павел,Воскобойников,Наумович,Reyes-French,+7 (945) 830-84-66,+7 (913) 638-68-12
Рада,Пугачева,Константиновна,Diaz and Sons,+7 (940) 957-98-32,+7 (994) 190-80-46
Анфиса,Никологорская,Филипповна,"Reyes, Short and Martin",+7 (981) 509-57-78,+7 (946) 516-73-61
Георгий,Зотов,Артемович,Johnson PLC,+7 (940) 176-91-21,+7 (917) 997-94-31
Дарья,Эзрина,Саввановна,Gomez PLC,+7 (996) 519-82-23,+7 (958) 693-14-71
Максим,Цыцын,Феоктистович,Scott and Sons,+7 (930) 499-87-37,+7 (990) 488-53-89
Таисия,Рыжкова,Михаиловна,Perez-Schmidt,+7 (996) 910-77-88,+7 (975) 974-82-74
Даниил,Неелов,Никифорович,Huang LLC,+7 (978) 205-85-83,+7 (905) 418-64-20
Венедикт,Бокарёв,Филиппович,Joseph-Banks,+7 (924) 724-54-37,+7 (993) 158-93-49
Милана,Кутякова,Михаиловна,"Conway, Hall and Johnson",+7 (995) 413-36-53,+7 (954) 935-49-98
Ярослава,Домаш,Игнатьевна,Pruitt PLC,+7 (995) 361-82-16,+7 (915) 532-46-66
Василиса,Пьяных,Ефимовна,Romero Ltd,+7 (908) 207-74-29,+7 (979) 312-36-61
Филипп,Минкин,Константинович,"Anderson, Wheeler and Arnold",+7 (959) 840-42-87,+7 (946) 643-56-12
Виталий,Коржаков,Тимофеевич,"Maldonado, Lucero and Stevens",+7 (928) 756-46-87,+7 (905) 147-41-83
Арсений,Ивлев,Иннокентиевич,Thompson-Frederick,+7 (949) 843-48-51,+7 (906) 663-15-18
Лев,Супрунов,Михаилович,"Wright, Mclaughlin and Johnson",+7 (924) 225-56-92,+7 (940) 731-33-54
Ника,Ивашина,Порфнрьевна,"Jenkins, Gonzalez and Evans",+7 (958) 924-12-62,+7 (931) 812-52-18
Феликс,Татаров,Валентинович,Smith-Jenkins,+7 (924) 884-86-93,+7 (969) 336-40-64
Лана,Ягемана,Тарасовна,"Graham, Wong and Gonzalez",+7 (983) 687-91-12,+7 (940) 728-81-29
Любовь,Кондракова,Петровна,"Reyes, Swanson and Gonzalez",+7 (920) 858-41-71,+7 (977) 776-68-76
Альбина,Домаша,Артемова,Carney-Alvarado,+7 (959) 971-23-65,+7 (974) 476-92-11
Максим,Радыгин,Степанович,"Crawford, Garcia and Cortez",+7 (968) 198-99-77,+7 (996) 979-65-44
Лев,Кропанин,Адамович,Neal-Berg,+7 (930) 125-11-49,+7 (938) 812-86-36
Алиса,Ягодинская,Константиновна,"Johnson, Jackson and Ellis",+7 (913) 188-33-86,+7 (991) 631-65-64
Полина,Нырко,Лаврентьевна,Adams-Kelly,+7 (944) 279-83-17,+7 (922) 241-60-99
Екатерина,Максимушкина,Игнатьевна,Boyd-Carter,+7 (950) 895-85-79,+7 (925) 306-13-67
Леонтий,Гурковский,Яковлевич,Ramirez Inc,+7 (992) 826-95-66,+7 (970) 233-46-66
Захар,Нарыков,Даниилович,Mitchell-Thompson,+7 (943) 934-43-87,+7 (997) 665-39-19
Павел,Сарычев,Георгиевич,"Snyder, Gross and Haynes",+7 (936) 822-33-63,+7 (915) 310-71-71
Нина,Фастер,Витальевна,Johnson LLC,+7 (988) 293-32-51,+7 (947) 914-58-19
Игнат,Зухин,Григорьевич,Brown Group,+7 (998) 534-45-37,+7 (964) 121-26-47
Игнатий,Ивашин,Валентинович,"Kelley, Lee and Hammond",+7 (933) 806-79-68,+7 (945) 217-98-67
Семен,Погребняк,Николаевич,Martinez Ltd,+7 (937) 554-70-89,+7 (908) 881-81-54
Пелагея,Постникова,Ефимовна,"Humphrey, Ball and Weeks",+7 (940) 950-16-89,+7 (933) 938-10-18
Георгий,Фотеев,Леонтьевич,Brady Ltd,+7 (944) 359-91-33,+7 (987) 280-84-43
Петр,Латышев,Феодосивич,"Kelly, Dickerson and Martinez",+7 (925) 889-40-27,+7 (934) 800-33-67
Клара,Яматина,Вячеславовна,"Harris, Brooks and Diaz",+7 (937) 315-51-69,+7 (927) 395-61-27
Ольга,Янова,Константиновна,Anderson-Smith,+7 (947) 211-43-49,+7 (976) 627-22-65
Оксана,Колесова,Себастьяновна,Hernandez Ltd,+7 (924) 698-25-76,+7 (997) 580-47-36
Милана,Сияница,Леонтьевна,"Tran, Wright and Stafford",+7 (969) 182-14-79,+7 (942) 839-88-77
Карина,Капшукова,Максимовна,Allen LLC,+7 (907) 580-44-49,+7 (930) 971-76-56
Емельян,Квартин,Антонович,"Carter, Rodriguez and Holmes",+7 (918) 402-63-98,+7 (963) 752-67-67
Вероника,Юмашева,Антоновна,Williams-Lyons,+7 (973) 836-32-13,+7 (951) 760-27-52
Антон,Щеткин,Ростиславович,Douglas-Wang,+7 (977) 883-30-29,+7 (959) 556-42-90
Ирина,Францева,Степановна,Jacobs Ltd,+7 (966) 140-40-32,+7 (988) 303-51-49
Лана,Мороцкая,Гаврннловна,Brown-Smith,+7 (939) 147-57-91,+7 (960) 299-85-62
Катерина,Сагунова,Витальевна,Simpson and Sons,+7 (994) 215-12-32,+7 (941) 754-38-60
Емельян,Шишкин,Юлианович,"Reynolds, Brock and Mercado",+7 (942) 971-48-60,+7 (984) 763-53-50
Семен,Лапухин,Васильевич,Mccullough PLC,+7 (943) 796-92-74,+7 (927) 360-88-24
Зоя,Тургенева,Ефимовна,Daniel Inc,+7 (932) 427-24-80,+7 (991) 966-51-93
Вера,Федоренко,Викторовна,"Harris, Stein and Buchanan",+7 (918) 951-45-29,+7 (966) 453-25-97
Константин,Анохин,Фадеевич,Dennis-Hamilton,+7 (966) 483-13-41,+7 (981) 495-23-22
Егор,Мананников,Савванович,"Choi, Gardner and Robertson",+7 (979) 156-92-68,+7 (938) 220-68-17
Севастьян,Колдаев,Вячеславович,Richards-Sellers,+7 (949) 327-15-44,+7 (997) 240-15-53
Виктор,Осокин,Федорович,"Boyd, Lewis and Bowers",+7 (915) 648-81-79,+7 (976) 227-41-94
Екатерина,Ломадурова,Петровна,Smith-Harrison,+7 (978) 315-13-86,+7 (983) 899-30-35
Евгений,Созыкин,Сергеевич,Moore Ltd,+7 (980) 178-34-72,+7 (959) 506-46-49
Дмитрий,Дасаев,Филиппович,Stevens Ltd,+7 (974) 520-55-19,+7 (943) 845-52-99
Альбина,Суснина,Порфнрьевна,Roth-Wang,+7 (982) 104-21-24,+7 (987) 664-91-20
Афанасия,Горлова,Феоктистовна,Brown and Sons,+7 (962) 225-92-46,+7 (909) 643-98-67
Тимофей,Белоногов,Тимофеевич,Jackson Inc,+7 (966) 441-61-97,+7 (940) 461-19-43
Марина,Шалупова,Николаевна,"Moore, Washington and Salazar",+7 (961) 673-40-28,+7 (935) 419-72-47
Надежда,Ярошинская,Васильевна,Bradley-Bond,+7 (962) 215-77-11,+7 (918) 457-58-19
Мила,Ширинова,Игнатевна,Randall and Sons,+7 (954) 552-41-25,+7 (905) 708-18-77
Леонид,Юрасов,Антонович,Cook-Peterson,+7 (939) 507-71-37,+7 (989) 410-38-94
Макар,Буков,Кириллович,Simon PLC,+7 (943) 292-26-68,+7 (991) 630-89-89
Алиса,Водянова,Себастьяновна,Miller-Mcfarland,+7 (989) 440-37-34,+7 (911) 549-25-48
Василий,Пирогов,Евгеньевич,Greene Inc,+7 (965) 925-90-42,+7 (931) 972-75-35
Герасим,Яков,Денисович,Terry and Sons,+7 (950) 964-83-11,+7 (966) 315-55-20
Ирина,Ячменькова,Кузьминовна,Jones LLC,+7 (949) 268-93-68,+7 (950) 765-19-94
Пелагея,Глускина,Егоровна,Rhodes LLC,+7 (973) 762-29-68,+7 (964) 808-23-10
Ирина,Лель,Семеновна,Davis PLC,+7 (948) 316-39-68,+7 (996) 939-79-68
Людмила,Дудакова,Петровна,Mcdonald-Carrillo,+7 (987) 203-46-48,+7 (922) 972-57-20
Кирилл,Лазаренко,Ефимович,Velazquez Group,+7 (907) 768-65-49,+7 (924) 611-33-88
Григорий,Ясаков,Егорович,Gonzalez-Fritz,+7 (947) 299-88-30,+7 (967) 497-98-41
Оксана,Куваева,Юлиановна,"Smith, Bell and Sandoval",+7 (970) 992-79-49,+7 (996) 129-55-79
Ефим,Тимирёв,Филиппович,Larsen-Owen,+7 (924) 202-34-38,+7 (987) 384-67-19
Марк,Херман,Филиппович,Silva-Fox,+7 (970) 214-95-53,+7 (913) 684-96-57
Роман,Овечкин,Федорович,Higgins-Glover,+7 (906) 820-41-73,+7 (944) 791-64-45
Нина,Чучумашева,Порфнрьевна,Pace and Sons,+7 (969) 189-49-73,+7 (959) 650-12-70
Лидия,Чунца,Саввановна,Wilson-Thomas,+7 (962) 329-51-95,+7 (917) 767-77-20
Афанасия,Гольдина,Николаевна,Baker Ltd,+7 (967) 668-55-99,+7 (991) 760-26-66
Алла,Стародубова,Трофимовна,Johnson PLC,+7 (931) 765-88-54,+7 (993) 344-35-26
Зоя,Байдавлетова,Васильевна,Hart PLC,+7 (912) 940-37-86,+7 (969) 216-60-88
Наталия,Ануфриева,Алексеевна,"Scott, Wang and Barnes",+7 (933) 514-59-75,+7 (947) 127-82-85
Полина,Мишнева,Елизаровна,Green PLC,+7 (998) 380-65-29,+7 (995) 725-58-87
Прохор,Балыков,Серафимович,Watts-Stewart,+7 (908) 448-17-49,+7 (988) 543-11-87
Лана,Меншикова,Тимофеевна,Hughes Ltd,+7 (965) 550-79-59,+7 (939) 699-34-41
Юрий,Лукьяненко,Макарович,Moon PLC,+7 (958) 570-92-87,+7 (989) 375-93-87
Клара,Шарапова,Феодосьевна,Montoya-Reed,+7 (939) 692-65-66,+7 (970) 490-49-68
Лаврентий,Чубаров,Романович,Heath-George,+7 (923) 531-75-39,+7 (951) 692-49-18
Александра,Вергунова,Филипповна,Kirby Group,+7 (907) 507-64-68,+7 (987) 140-53-57
Семен,Бандуркин,Севастьянович,"Bond, Miranda and Wallace",+7 (945) 182-69-40,+7 (916) 561-94-18
Данила,Вердеревский,Аркадьевич,Harmon-Pratt,+7 (975) 702-36-63,+7 (999) 292-23-43
Любовь,Шелепина,Климентьевна,Mendez and Sons,+7 (923) 296-73-89,+7 (960) 262-68-45
Давид,Хренов,Евгениевич,Ferrell and Sons,+7 (956) 110-24-31,+7 (964) 456-25-65
Антон,Майструк,Александрович,"Douglas, Harper and Baker",+7 (983) 567-44-53,+7 (931) 672-88-16
Кузьма,Андрюшин,Николаевич,"Torres, Ball and Vega",+7 (925) 211-72-31,+7 (998) 541-94-97
Марьямна,Лобова,Емельяновна,Lopez and Sons,+7 (980) 787-88-82,+7 (932) 234-99-72
Никифор,Полотенцев,Всеволодович,"Valencia, Harrison and Wilson",+7 (911) 274-82-75,+7 (995) 869-55-59
Прохор,Соловьёв,Яковлевич,Miller LLC,+7 (924) 931-21-91,+7 (976) 573-27-34
Давид,Булгаков,Ефремович,Johnson-Johnson,+7 (964) 261-97-49,+7 (964) 260-69-39
Ника,Шелагина,Егоровна,Elliott-Hamilton,+7 (987) 259-31-98,+7 (977) 197-52-27
Аркадий,Романов,Адамович,Lewis-Love,+7 (964) 274-85-80,+7 (954) 105-47-11
Раиса,Хомколова,Михаиловна,"Miller, Mccoy and Walker",+7 (976) 390-93-53,+7 (990) 403-81-86
Константин,Фуриков,Артемович,Williams Group,+7 (943) 739-88-22,+7 (990) 509-34-31
Виктор,Широков,Романович,Cuevas-Booth,+7 (958) 745-66-32,+7 (943) 366-44-30
Дарья,Букирь,Юлиановна,Wilson-King,+7 (985) 986-17-50,+7 (950) 160-18-45
Ульяна,Каипова,Валентиновна,Thomas-Banks,+7 (997) 825-94-64,+7 (969) 858-66-93
Марианна,Астанкова,Никитьевна,Johnson-Nichols,+7 (905) 710-45-74,+7 (973) 568-39-10
Игнатий,Смагин,Алексеевич,Thomas and Sons,+7 (926) 884-71-63,+7 (917) 493-41-17
Ефим,Кубланов,Акимович,Haley-Wilson,+7 (970) 303-46-24,+7 (967) 529-19-75
Кузьма,Шульгин,Витальевич,"Adams, Shaw and Brown",+7 (920) 891-95-85,+7 (947) 304-44-58
Анастасия,Опокина,Ефимовна,"Pittman, Green and English",+7 (909) 145-82-44,+7 (931) 176-96-82
Марьямна,Гика,Георгьевна,Long-Smith,+7 (993) 414-20-19,+7 (992) 829-78-32
Ника,Дудина,Прокловна,Pace-Blankenship,+7 (942) 783-84-71,+7 (999) 812-35-80
Денис,Шурша,Евгениевич,"Lucas, Thompson and Brown",+7 (942) 588-58-67,+7 (925) 965-67-43
Ростислав,Куанышбаев,Нифонтович,Caldwell-Arnold,+7 (977) 355-25-32,+7 (913) 870-26-50
Филипп,Зорин,Петрович,Matthews-Maddox,+7 (945) 460-76-55,+7 (954) 192-56-49
Варвара,Шатова,Степановна,Oliver and Sons,+7 (936) 231-74-32,+7 (962) 275-19-85
Алексей,Дьяков,Арсеньевич,Mills-Estrada,+7 (960) 559-41-26,+7 (948) 401-94-76
Зоя,Калягина,Ивановна,Martinez LLC,+7 (914) 584-80-59,+7 (934) 977-47-87
Ася,Бойкова,Григориевна,Powell-Chan,+7 (935) 413-88-82,+7 (986) 496-61-14
Светлана,Икрамова,Егоровна,Stokes Group,+7 (912) 818-91-72,+7 (929) 484-32-78
Александра,Чурсунова,Алексеевна,Barrera-Gordon,+7 (918) 399-48-15,+7 (972) 409-92-73
София,Бочко,Климентьевна,"Roberts, Bennett and Lopez",+7 (970) 408-99-43,+7 (960) 706-96-68
Антонина,Пирожкова,Васильевна,"Marshall, Parker and Romero",+7 (956) 454-43-69,+7 (994) 164-35-96
Ася,Герасимова,Прохор,Lynch-Salazar,+7 (910) 729-53-68,+7 (942) 605-19-25
Елизавета,Калошина,Ильишна,Summers-Hamilton,+7 (984) 689-15-65,+7 (995) 615-66-46
Данила,Широнин,Нифонтович,Shaw-Daugherty,+7 (948) 379-23-24,+7 (917) 918-72-68
Константин,Кубышкин,Алексеевич,Schmidt and Sons,+7 (933) 682-96-75,+7 (964) 578-32-87
Варвара,Сулимова,Феоктистовна,Johnson-Buck,+7 (963) 216-60-13,+7 (940) 151-58-10
Евгений,Смирнов,Степанович,Schwartz-Hall,+7 (983) 444-41-71,+7 (961) 842-15-63
Клавдия,Лобова,Емельяновна,Powell-Barton,+7 (939) 390-60-55,+7 (925) 142-46-53
Ника,Седегова,Кирилловна,Torres-Phillips,+7 (985) 259-74-56,+7 (952) 844-43-25
Карина,Ярилина,Валерьевна,"Howard, Andersen and Church",+7 (915) 836-21-54,+7 (947) 623-60-14
Пелагея,Шапкина,Геннадьевна,"Lucas, Buck and Cameron",+7 (933) 809-78-80,+7 (932) 948-64-51
Валентина,Кручинкина,Власовна,"Simmons, Lowery and Hammond",+7 (951) 798-81-19,+7 (907) 848-78-61
Лариса,Ярустовская,Прохор,"Knight, Barnes and Miller",+7 (923) 259-19-15,+7 (969) 571-66-68
Федот,Сиянских,Яковлевич,"Schmitt, Powell and Blankenship",+7 (947) 555-75-79,+7 (920) 469-58-80
Прохор,Шкловский,Иннокентиевич,Curtis-Martinez,+7 (945) 916-28-86,+7 (955) 360-75-97
Яков,Бельтюков,Наумович,Miller-Barrett,+7 (977) 557-51-23,+7 (944) 583-77-98
Афанасий,Канадцев,Ефимович,Burns-Johnson,+7 (935) 530-54-35,+7 (905) 436-45-87
Аполлинария,Воликова,Саввановна,"Rojas, Mccoy and Patterson",+7 (940) 642-31-84,+7 (990) 930-37-98
Тимофей,Болокан,Геннадьевич,"Harris, Delacruz and Stevens",+7 (988) 677-96-56,+7 (933) 735-58-83
Ирина,Якубова,Никаноровна,"Nelson, Garcia and Hernandez",+7 (930) 101-44-46,+7 (982) 421-24-69
Антонина,Антипина,Якововна,"Hall, Warren and Nelson",+7 (934) 546-42-39,+7 (953) 638-90-95
Людмила,Боголепова,Никитьевна,Beard-Gaines,+7 (923) 463-47-52,+7 (963) 864-37-32
Виктория,Бабурина,Ефимовна,"Hernandez, Mosley and Hampton",+7 (930) 223-38-76,+7 (993) 510-39-92
Федор,Степихов,Романович,"Smith, Lopez and Goodwin",+7 (923) 296-72-57,+7 (976) 490-17-61
Кирилл,Хабаров,Вениаминович,Mejia Ltd,+7 (937) 238-22-56,+7 (967) 238-36-39
Жанна,Лягушова,Александровна,Robinson LLC,+7 (971) 495-59-19,+7 (934) 730-31-22
Даниил,Ветров,Игнатьевич,Chambers Group,+7 (967) 201-44-76,+7 (968) 756-24-28
Захар,Грушецкий,Васильевич,Hunt and Sons,+7 (992) 534-99-86,+7 (985) 747-39-40
Павел,Сомов,Леонтьевич,Richardson-Campbell,+7 (999) 631-90-50,+7 (982) 802-26-13
Василиса,Полякова,Климентьевна,Juarez-Washington,+7 (925) 817-57-56,+7 (918) 214-54-35
Ксения,Ляхова,Серафимовна,Herrera Inc,+7 (949) 864-89-91,+7 (909) 704-21-48
Виктор,Эшман,Иванович,"Gardner, Martinez and Clark",+7 (924) 199-44-50,+7 (954) 177-82-55
Максим,Урусов,Петрович,"Stewart, Robinson and Carr",+7 (937) 140-51-80,+7 (991) 129-18-68
Наталия,Бычкова,Марковна,Stevenson Group,+7 (993) 289-96-26,+7 (916) 618-81-32
Николай,Кобяков,Евгениевич,"Willis, Collins and Griffin",+7 (993) 312-77-97,+7 (943) 530-98-19
Игнатий,Евтушенко,Алексеевич,Knapp-Jackson,+7 (996) 730-36-26,+7 (924) 602-56-76
Кирилл,Хомичев,Феодосивич,Martinez-Ramirez,+7 (997) 293-66-20,+7 (924) 766-60-98
Федор,Каракозов,Ефимович,"Jenkins, Mora and Coleman",+7 (981) 893-46-18,+7 (912) 932-44-29
Давид,Капылюшный,Викторович,Allen LLC,+7 (977) 979-61-45,+7 (921) 535-42-26
Егор,Никольников,Никанорович,Johnson-Roberson,+7 (908) 178-88-76,+7 (993) 334-45-95
Наталия,Мозжухина,Петровна,Hardy LLC,+7 (982) 974-94-25,+7 (959) 480-37-11
Алексей,Коржуков,Маркович,Stephens and Sons,+7 (952) 713-57-24,+7 (911) 665-32-75
Клара,Голубкина,Фадеевна,"Evans, Moreno and Henderson",+7 (959) 372-19-59,+7 (959) 782-25-34
Виктор,Ягнышев,Максимович,"Ray, Morales and Kelly",+7 (948) 273-61-89,+7 (968) 598-96-11
Римма,Комракова,Антоновна,Graves PLC,+7 (941) 323-16-12,+7 (990) 587-92-44
Алексей,Купцов,Севастьянович,Henson LLC,+7 (963) 764-26-79,+7 (941) 886-55-71
Валентин,Пивоваров,Константинович,"Black, King and Warner",+7 (997) 740-25-89,+7 (998) 531-86-84
Лана,Кручинина,Филипповна,"Hayes, Jones and Johnson",+7 (938) 803-12-19,+7 (992) 751-81-51
Дарья,Мосенцева,Григорьевна,Mills LLC,+7 (957) 718-65-88,+7 (943) 901-16-23
Максим,Туржанский,Павлович,Perkins LLC,+7 (965) 505-70-99,+7 (976) 448-93-80
Альбина,Эсмонд,Ильиновна,Hess and Sons,+7 (986) 490-31-45,+7 (907) 520-42-74
Константин,Асланов,Всеволодович,Peterson-Jimenez,+7 (968) 500-57-96,+7 (948) 461-37-77
Зинаида,Фареста,Павловна,"Lewis, Watson and Hodges",+7 (962) 645-47-13,+7 (960) 422-22-39
Павел,Бодров,Макарович,Payne-Campbell,+7 (914) 876-44-72,+7 (908) 733-17-78
Герасим,Барышников,Ефремович,Gibbs-Hunter,+7 (974) 581-96-40,+7 (939) 244-12-20
Галина,Лачинова,Ефимовна,"Cunningham, Mcdaniel and Romero",+7 (919) 253-97-46,+7 (978) 891-18-54
Александр,Журавлёв,Лаврентиич,"Cole, Hicks and Ali",+7 (923) 709-45-42,+7 (911) 923-33-75
Арсений,Горелов,Михаилович,Ryan PLC,+7 (909) 824-14-17,+7 (912) 875-75-81
Егор,Жиленков,Антонович,Gillespie-Cordova,+7 (998) 164-24-41,+7 (988) 538-85-65
Нонна,Явлюхина,Феликсовна,Shaffer Group,+7 (986) 956-41-25,+7 (929) 295-33-96
Таисия,Полыгалова,Афанасьевна,Hunter and Sons,+7 (930) 543-31-28,+7 (939) 268-58-96
Яков,Чекин,Ипполитович,Howard Ltd,+7 (974) 258-64-86,+7 (949) 628-65-94
Татьяна,Кирьянова,Макаровна,Clark-Kelley,+7 (941) 551-24-41,+7 (966) 477-42-27
Вероника,Янькова,Валерьевна,"Jones, Ellis and Reynolds",+7 (970) 153-47-30,+7 (978) 624-32-38
Нонна,Ютилова,Дмитриевна,"Bender, Mcpherson and Rodriguez",+7 (983) 417-49-14,+7 (919) 218-98-40
Пелагея,Камбарова,Георгьевна,Miller-Garcia,+7 (971) 283-42-82,+7 (952) 929-39-77
Леонид,Янушко,Александрович,Curtis-Valdez,+7 (996) 529-96-80,+7 (958) 283-32-35
Марианна,Добролюбова,Юрьевна,Wells-Park,+7 (981) 117-24-33,+7 (935) 435-15-66
Мила,Дорохова,Трофимовна,"Caldwell, Walton and Lucas",+7 (940) 505-12-57,+7 (927) 954-81-13
Ефим,Могутов,Тимофеевич,"Quinn, Solomon and Simmons",+7 (973) 596-79-88,+7 (910) 161-47-99
Зинаида,Забродина,Федотовна,Watson Ltd,+7 (934) 202-83-70,+7 (912) 562-83-76
Виктория,Скрябина,Емельяновна,"Peterson, George and Simmons",+7 (989) 540-84-63,+7 (923) 345-69-70
Мила,Ерофеева,Саввановна,"Vazquez, Cross and Gallagher",+7 (988) 704-18-96,+7 (981) 639-26-45
Василий,Иньшов,Прохорович,Perez-Hammond,+7 (984) 805-69-78,+7 (941) 774-11-85
Виктория,Щекочихина,Юрьевна,Kemp Group,+7 (990) 455-10-81,+7 (995) 306-16-75
Петр,Колбенев,Геннадьевич,Martin-Jones,+7 (948) 870-71-78,+7 (940) 533-70-93
Игнат,Гайдук,Валентинович,"Mueller, Stevenson and Hopkins",+7 (934) 934-66-39,+7 (961) 265-87-39
Ярослава,Якимовская,Степановна,"Waters, Rodgers and Lyons",+7 (963) 393-98-15,+7 (912) 994-47-36
Василиса,Ключникова,Александровна,Adams Group,+7 (959) 520-79-25,+7 (999) 550-43-76
Жанна,Базарова,Петровна,"Johnson, Espinoza and Jones",+7 (935) 475-70-95,+7 (911) 823-38-97
Гавриил,Клычев,Прохорович,Combs-Roach,+7 (977) 442-42-68,+7 (951) 327-87-30
Юлиан,Изюмов,Иванович,"Olson, Wright and Rangel",+7 (977) 846-34-99,+7 (941) 326-39-58
Василиса,Гачева,Сергеевна,Martinez Ltd,+7 (932) 161-86-77,+7 (984) 618-41-60
Макар,Онегин,Трофимович,Torres Ltd,+7 (941) 794-99-74,+7 (937) 248-13-35
Юрий,Колесников,Ильич,"Taylor, Martinez and Wolf",+7 (973) 870-43-72,+7 (957) 665-56-10
Ефим,Меледин,Ефимович,"Wright, Burke and Bradley",+7 (958) 972-64-41,+7 (917) 365-69-57
Мария,Филенкова,Наумовна,Cardenas-Taylor,+7 (907) 344-14-27,+7 (920) 139-82-72
Евгения,Иванникова,Феодосьевна,Baker-Barr,+7 (964) 773-84-95,+7 (996) 726-43-93
Арина,Акимова,Павловна,Davis-Johnson,+7 (980) 637-42-28,+7 (944) 696-91-26
Оксана,Бебнева,Климентьевна,"Soto, Wright and Lane",+7 (954) 845-47-80,+7 (905) 887-70-20
Макар,Садыков,Давидович,Smith and Sons,+7 (969) 824-86-62,+7 (933) 143-14-68
Валерий,Усилов,Ефремович,Barker PLC,+7 (992) 238-80-63,+7 (982) 787-52-74
Жанна,Чичканова,Прохоровна,Brown-Barr,+7 (969) 129-91-86,+7 (914) 627-92-34
Илья,Смирновский,Антонрвич,"Parker, Faulkner and Mullen",+7 (978) 321-53-96,+7 (964) 857-16-31
Арсений,Бугайчук,Игнатьевич,Schwartz PLC,+7 (990) 660-75-62,+7 (985) 510-34-77
Александра,Ишеева,Александровна,Dorsey and Sons,+7 (967) 293-59-45,+7 (974) 215-55-13
Лидия,Ельцова,Кирилловна,Macdonald-Farmer,+7 (924) 120-41-53,+7 (914) 659-31-10
Филипп,Погребняк,Серафимович,Hall-Smith,+7 (976) 557-13-26,+7 (926) 268-25-43
Инна,Эсце,Николаевна,"Tate, Chang and Myers",+7 (963) 785-72-93,+7 (980) 807-13-43
Нонна,Лагутова,Николаевна,"Wu, Berry and Johnson",+7 (916) 753-79-90,+7 (930) 540-12-10
Зинаида,Устимовича,Федоровна,Woods Group,+7 (906) 488-72-66,+7 (939) 212-73-42
Роман,Чичваркин,Васильевич,Barnett-Estrada,+7 (986) 122-58-23,+7 (944) 437-90-45
Тимофей,Лазарев,Федорович,Parks-Gordon,+7 (996) 454-37-76,+7 (907) 179-94-85
Серафим,Янцижин,Геннадьевич,"Gallagher, White and Rogers",+7 (990) 538-53-76,+7 (973) 636-20-63
Василиса,Торопова,Севастьяновна,Williams PLC,+7 (923) 121-70-80,+7 (933) 580-42-83
Данила,Дьяченко,Панкратович,Henry PLC,+7 (942) 426-93-84,+7 (955) 620-86-36
Захар,Виноградов,Макарович,Elliott Group,+7 (941) 316-13-79,+7 (983) 574-90-75
Филипп,Солодских,Георгиевич,"Webster, Mendoza and Vargas",+7 (931) 186-97-91,+7 (978) 698-18-30
Савва,Курганов,Аркадинович,"Guerra, Ramsey and Anderson",+7 (936) 777-96-81,+7 (961) 965-93-38
Зинаида,Карантирова,Марковна,"Fields, Ross and Sanchez",+7 (965) 769-61-50,+7 (960) 753-11-82
Яков,Бысов,Юлианович,Freeman-Shepherd,+7 (990) 885-84-90,+7 (992) 271-16-22
Елизавета,Цирульникова,Марковна,Gamble PLC,+7 (909) 994-79-22,+7 (992) 629-75-30
Ростислав,Циолковский,Ефимович,"Fuller, Morgan and Golden",+7 (925) 950-52-57,+7 (926) 589-99-96
Лидия,Набутова,Аркадьевна,Case-Henry,+7 (948) 801-96-38,+7 (916) 986-20-33
Аркадий,Никольников,Аркадинович,"Campbell, Phillips and Obrien",+7 (973) 524-74-30,+7 (990) 610-41-39
Валентина,Карпюк,Арсеньевна,"Rios, Wiley and Lewis",+7 (943) 983-32-38,+7 (908) 418-84-97
Варвара,Дёгтина,Яковна,"Hensley, Berger and Gonzales",+7 (928) 324-52-15,+7 (971) 471-64-29
Анжела,Андреевская,Якововна,Jenkins LLC,+7 (939) 821-26-70,+7 (998) 489-81-42
Иннокентий,Сиянович,Кириллович,Hernandez-Wood,+7 (921) 778-22-13,+7 (912) 117-92-70
Виктор,Сидоров,Захарович,Powers-Robles,+7 (934) 300-19-40,+7 (938) 550-32-55
Анфиса,Хабарова,Константиновна,Fox-Peterson,+7 (962) 454-97-65,+7 (995) 836-29-44
Евгения,Кирилишена,Гаврннловна,Perez LLC,+7 (910) 843-17-37,+7 (917) 857-69-58
Марк,Зухин,Саввеевич,"Moon, Bond and Kelly",+7 (995) 477-64-41,+7 (942) 279-29-66
Афанасий,Абросимов,Акимович,Gonzalez Ltd,+7 (941) 304-54-96,+7 (957) 985-36-16
Павел,Кутузов,Герасимович,James-Mccall,+7 (982) 651-12-77,+7 (923) 583-16-71
Вячеслав,Опринчук,Валерьевич,"James, Abbott and Wright",+7 (947) 363-15-22,+7 (986) 235-65-90
Кирилл,Седов,Климентович,"Evans, Hancock and Mccann",+7 (931) 288-64-54,+7 (963) 104-16-80
Константин,Нилин,Филиппович,Williams-Ross,+7 (967) 409-52-46,+7 (968) 303-79-13
Филипп,Гришко,Ираклиевич,Houston-Johnson,+7 (922) 433-83-92,+7 (964) 285-55-57
Наталия,Гусельникова,Федоровна,"Potts, Hopkins and Stevenson",+7 (998) 195-65-66,+7 (951) 155-31-60
Иван,Рагозин,Федорович,Franklin PLC,+7 (990) 687-44-89,+7 (996) 739-54-62
Алиса,Руских,Саввановна,Watson Inc,+7 (977) 773-69-21,+7 (918) 324-49-78
Марианна,Набатова,Игнатьевна,Sanchez-Sosa,+7 (987) 638-23-91,+7 (931) 608-70-90
Герман,Быков,Павлович,Ortiz-Villegas,+7 (955) 784-78-56,+7 (931) 447-11-85
Роман,Кресанов,Адамович,Obrien-Campbell,+7 (948) 562-53-86,+7 (943) 962-44-75
Марк,Немцов,Алексеевич,Sandoval-Morgan,+7 (932) 831-87-66,+7 (918) 909-80-19
Петр,Мерзлов,Евгениевич,Rivera-Johnson,+7 (960) 176-28-13,+7 (978) 388-13-27
Павел,Козланюк,Прохорович,Rocha-Barnes,+7 (948) 363-60-80,+7 (930) 201-68-88
Светлана,Энгельгардт,Константиновна,Sampson Group,+7 (981) 133-78-98,+7 (989) 889-79-50
Кирилл,Глен,Никандрович,Cox-Ford,+7 (990) 968-47-75,+7 (966) 653-83-49
Ася,Рящина,Игнатевна,Haynes-Nguyen,+7 (977) 935-17-72,+7 (972) 246-61-95
Яков,Матизов,Савванович,Jackson Inc,+7 (974) 567-72-25,+7 (972) 997-89-74
Никита,Яблонский,Григорьевич,"Oconnor, Mendoza and Farmer",+7 (930) 560-90-63,+7 (985) 696-68-62
Петр,Веденеев,Григорьевич,"Williams, Grimes and Frazier",+7 (991) 256-33-20,+7 (938) 822-98-81
Евгений,Кружков,Ефимович,Cook PLC,+7 (958) 499-99-73,+7 (960) 291-33-70
Алексей,Капитонов,Егорович,Brooks PLC,+7 (932) 843-55-49,+7 (980) 694-20-51
Евгений,Кашарин,Савванович,Armstrong-Jones,+7 (915) 797-65-15,+7 (970) 161-10-22
Ульяна,Беломестнова,Панкратовна,Chavez and Sons,+7 (969) 112-93-64,+7 (914) 883-88-12
Максим,Шерешевский,Макарович,Lawrence-Christensen,+7 (949) 936-94-20,+7 (936) 449-36-99
Василий,Шипицин,Порфирьевич,James PLC,+7 (999) 102-35-22,+7 (953) 951-28-19
Марианна,Рыжкова,Павловна,Glenn and Sons,+7 (964) 218-86-90,+7 (966) 627-25-66
Адам,Осолодкин,Ефимович,Perkins Inc,+7 (917) 471-79-45,+7 (941) 972-22-65
Оксана,Сочеванова,Денисовна,Bowen Group,+7 (911) 744-84-66,+7 (957) 684-63-94
Алексей,Устимович,Георгиевич,Macias PLC,+7 (932) 489-40-54,+7 (915) 686-33-96
Нонна,Алпатова,Герасимовна,Stuart-Carlson,+7 (976) 574-12-49,+7 (940) 319-43-85
Аполлинария,Умберг,Михаиловна,"Hill, Cox and Stone",+7 (932) 844-16-96,+7 (937) 157-14-46
Вероника,Лызлова,Макаровна,"Davis, Deleon and Stanley",+7 (917) 893-12-57,+7 (982) 821-46-88
Василий,Стукалов,Георгиевич,Mcfarland and Sons,+7 (969) 838-76-34,+7 (983) 915-99-76
Ефим,Чепурин,Александрович,"Robinson, Foster and Hernandez",+7 (932) 437-13-33,+7 (948) 101-50-58
Давид,Носачёв,Тарасович,Clements Group,+7 (998) 766-57-28,+7 (928) 455-36-36
Ярослава,Черкашина,Лукьяновна,Ball LLC,+7 (996) 383-14-99,+7 (994) 866-86-99
Александр,Килессо,Максимович,Gibson Group,+7 (910) 748-45-32,+7 (949) 265-17-16
Егор,Сёмин,Артемович,"Aguilar, Doyle and Strong",+7 (920) 386-94-57,+7 (948) 781-16-99
Вероника,Яшихина,Семеновна,Mccarthy-Shaw,+7 (994) 353-49-40,+7 (975) 101-11-31
Арина,Гордеева,Климентьевна,"Shaw, Combs and Thompson",+7 (986) 947-68-47,+7 (921) 640-74-60
Ефрем,Кудряшов,Степанович,Hart-Jones,+7 (947) 873-52-49,+7 (954) 358-84-85
Галина,Касатая,Ростиславовна,Murray-Moore,+7 (990) 140-27-78,+7 (947) 894-71-60
Анна,Саламатова,Якововна,"Taylor, Brown and Roberts",+7 (908) 974-54-12,+7 (905) 360-73-38
Римма,Лызлова,Михаиловна,Ware and Sons,+7 (981) 612-97-69,+7 (941) 219-54-28
Яков,Бабанов,Кириллович,Smith-Hall,+7 (998) 146-30-54,+7 (984) 628-15-38
Семен,Ермолаев,Антонович,"Scott, Schultz and Kent",+7 (969) 874-94-83,+7 (993) 459-47-78
Ростислав,Бойков,Степанович,Oliver PLC,+7 (936) 343-51-35,+7 (913) 202-35-71
Максим,Шурыгин,Иванович,Richardson-Smith,+7 (933) 686-20-76,+7 (918) 402-88-34
Павел,Селезнев,Ефимович,Jordan-Green,+7 (917) 372-11-45,+7 (974) 630-31-14
Герасим,Никологорский,Ираклиевич,"Thompson, Harris and Carter",+7 (992) 377-60-53,+7 (922) 837-94-93
Филипп,Савинков,Михаилович,"Bryant, Edwards and Turner",+7 (923) 114-48-74,+7 (940) 474-49-65
Надежда,Раскатова,Леонидовна,"Mendez, David and Marquez",+7 (910) 386-63-67,+7 (934) 733-89-61
Игнат,Звягинцев,Данилович,"Robbins, Walker and Taylor",+7 (984) 808-17-88,+7 (949) 920-12-58
Александр,Яровый,Панкратович,"Harris, Campbell and Little",+7 (960) 239-36-46,+7 (982) 154-71-94
Аполлинария,Вишневская,Леонтьевна,Fleming-Young,+7 (979) 909-90-15,+7 (995) 300-25-25
Ульяна,Чуринова,Тимофеевна,"Powers, Wallace and Thomas",+7 (995) 207-15-14,+7 (994) 255-98-92
Тимофей,Алпатов,Викторович,"Jones, Benjamin and Myers",+7 (963) 284-67-69,+7 (984) 950-39-95
Егор,Ласман,Семенович,Bradford Inc,+7 (954) 166-25-74,+7 (939) 299-34-42
Григорий,Яновицкий,Юрьевич,Anderson-Stokes,+7 (947) 635-91-78,+7 (957) 365-18-25
Зинаида,Ягуткина,Ивановна,"Perez, Hicks and Moss",+7 (912) 193-77-96,+7 (907) 956-43-24
Алена,Масмехова,Афанасьевна,Martin-Gallegos,+7 (911) 343-92-45,+7 (909) 139-42-20
Ярослава,Горяинова,Саввановна,"Daniels, Davidson and Williams",+7 (952) 802-59-58,+7 (986) 935-69-93
Ольга,Мирнова,Валерьевна,"Lara, Johnson and Baker",+7 (970) 682-38-21,+7 (962) 382-51-91
Ася,Саитова,Кирилловна,"Swanson, Douglas and Wright",+7 (984) 655-58-44,+7 (945) 228-34-16
Герасим,Сидоров,Маркович,"Jones, Rodgers and Perez",+7 (921) 626-30-12,+7 (967) 421-54-36
Анфиса,Худовекова,Даниловна,Nunez and Sons,+7 (988) 725-42-52,+7 (942) 908-90-22
Милана,Салехова,Наумовна,Mcdonald-Long,+7 (970) 364-65-88,+7 (932) 423-46-98
Ева,Ишутина,Романовна,"Hall, Ibarra and Gillespie",+7 (938) 707-23-54,+7 (947) 399-39-46
Сюзанна,Карпова,Игнатьевна,Glass-Chen,+7 (968) 222-35-10,+7 (980) 992-41-12
Евгений,Зайцев,Игнатьевич,"Jackson, Malone and Walton",+7 (915) 568-80-24,+7 (989) 815-81-50
Сергей,Ткач,Климентович,"Hansen, Bauer and Fletcher",+7 (935) 952-50-35,+7 (935) 276-97-84
Павел,Балдагуев,Захарович,Ross-Waters,+7 (947) 783-13-92,+7 (916) 750-77-11
Раиса,Витюгова,Ивановна,"Garrett, Ross and Johnson",+7 (938) 497-31-29,+7 (959) 198-19-66
Роман,Ивазов,Саввеевич,Howard-Smith,+7 (932) 607-81-43,+7 (958) 691-70-85
Катерина,Пьянкова,Юрьевна,Cooper LLC,+7 (998) 534-71-25,+7 (955) 160-50-83
Мила,Тамило,Валентиновна,Jones Group,+7 (905) 335-69-49,+7 (959) 625-86-71
Филипп,Набалкин,Сергеевич,"Mills, Richardson and Price",+7 (970) 710-43-53,+7 (935) 365-31-64
Галина,Янцижина,Денисовна,"Smith, Brooks and Thornton",+7 (919) 426-61-28,+7 (972) 175-31-44
Геннадий,Каракозов,Геннадьевич,"Bell, White and Cox",+7 (914) 924-42-82,+7 (951) 905-53-12
Антонина,Новолодская,Михаиловна,Arnold PLC,+7 (955) 654-57-96,+7 (996) 692-63-97
Татьяна,Живенкова,Себастьяновна,Barton Inc,+7 (940) 506-40-91,+7 (976) 390-36-83
Алиса,Аристова,Саввановна,Sanchez Group,+7 (947) 400-95-45,+7 (988) 612-79-42
Виктор,Петрищев,Венедиктович,"Mitchell, Roberts and James",+7 (960) 492-81-42,+7 (954) 692-71-60
Федор,Оболенский,Иванович,Griffith-Bush,+7 (966) 715-64-83,+7 (951) 924-47-15
Василиса,Киселева,Алексеевна,Sweeney PLC,+7 (928) 798-79-90,+7 (913) 631-55-51
Захар,Мосенцев,Гаврннлович,"Hawkins, Jones and Alvarez",+7 (912) 671-90-63,+7 (985) 189-27-81
Филипп,Ишеев,Филиппович,Kline-Frye,+7 (957) 720-32-84,+7 (980) 505-88-44
Василиса,Петрухина,Саввановна,Owens LLC,+7 (937) 175-61-24,+7 (994) 847-81-61
Зоя,Брязгина,Игнатьевна,"Mitchell, Lawrence and Wright",+7 (997) 861-71-96,+7 (946) 139-77-40
Кирилл,Шарапов,Егорович,"Singh, Smith and Stone",+7 (991) 962-53-56,+7 (983) 739-98-69
Евгения,Пичугина,Дмитриевна,Richardson-Pratt,+7 (952) 255-11-86,+7 (909) 288-47-77
Зинаида,Романова,Семеновна,Nixon Group,+7 (978) 120-34-52,+7 (984) 570-46-28
Марина,Федосова,Саввановна,Joseph-Beltran,+7 (995) 540-92-97,+7 (960) 823-57-63
Маргарита,Астанкова,Григорьевна,Thompson and Sons,+7 (980) 884-75-69,+7 (994) 528-88-28
Маргарита,Водянова,Михаиловна,Duncan-Chen,+7 (908) 151-91-54,+7 (935) 516-64-10
Жанна,Никонова,Семеновна,Hernandez-Gill,+7 (919) 108-69-50,+7 (966) 817-86-19
София,Кондракова,Кирилловна,Chapman-Logan,+7 (953) 286-24-45,+7 (950) 110-77-86
Филипп,Аллилуев,Яковеевичевич,Lewis PLC,+7 (942) 902-96-87,+7 (973) 160-38-12
Маргарита,Горбункова,Саввановна,"Spencer, Phelps and Williams",+7 (919) 304-79-55,+7 (968) 342-80-90
Филипп,Фоменков,Алексеевич,Peters Group,+7 (952) 981-29-22,+7 (947) 932-84-97
Георгий,Лапшин,Аркадинович,Cobb PLC,+7 (975) 896-52-28,+7 (964) 821-95-94
Трофим,Коломийцев,Романович,Willis PLC,+7 (907) 241-76-84,+7 (981) 721-60-63
Герман,Букавицкий,Прокопьевич,Clements LLC,+7 (956) 761-46-47,+7 (920) 404-20-63
Марьямна,Севостьянова,Антоновна,"Herrera, Nielsen and Johnson",+7 (974) 694-71-15,+7 (971) 861-38-13
Валентин,Гарф,Макарович,"Payne, Martinez and Mcdonald",+7 (952) 926-45-35,+7 (923) 511-44-27
Марианна,Рунова,Геннадьевна,Wells-Preston,+7 (961) 464-77-21,+7 (953) 701-33-48
Алена,Целиковская,Григориевна,Mckenzie and Sons,+7 (935) 258-98-20,+7 (985) 970-35-45
Василий,Яламов,Иванович,Lowery-Washington,+7 (956) 411-78-52,+7 (950) 380-96-81
Алина,Клюкина,Никитьевна,"Cordova, Jones and Miller",+7 (954) 184-36-45,+7 (923) 508-95-64
Серафима,Бочко,Лаврентьевна,"Cruz, Kane and Schmitt",+7 (925) 696-24-89,+7 (922) 482-46-35
Нина,Лебедкова,Лаврентьевна,Crane Ltd,+7 (953) 597-74-94,+7 (952) 700-36-15
Анфиса,Зобова,Никифоровна,Jackson-Rice,+7 (966) 984-90-37,+7 (916) 833-70-34
Ева,Бушуева,Сергеевна,Molina-Wood,+7 (911) 411-48-73,+7 (926) 387-58-94
Валентина,Мазурина,Васильевна,Jones and Sons,+7 (922) 296-72-66,+7 (999) 461-89-74
Альбина,Янаева,Елизаровна,"Martinez, Barber and Ford",+7 (908) 853-83-10,+7 (961) 657-25-86
Анастасия,Ельчукова,Даниловна,Bush Inc,+7 (920) 541-31-55,+7 (942) 763-34-79
Виктор,Куксов,Никанорович,Alvarez-Pena,+7 (973) 785-48-58,+7 (945) 918-47-30
Галина,Садкова,Никаноровна,Chavez-Allen,+7 (909) 420-74-57,+7 (956) 233-16-10
Егор,Стожко,Семенович,White and Sons,+7 (946) 326-72-57,+7 (962) 995-27-48
Ефим,Ручкин,Никифорович,"Gallagher, Lee and Robertson",+7 (946) 703-64-76,+7 (929) 377-39-80
Зинаида,Аллилуева,Данииловна,Thomas-Rodriguez,+7 (977) 653-63-81,+7 (964) 108-31-85
Филипп,Свечников,Трофимович,Walters Ltd,+7 (976) 416-39-70,+7 (939) 192-96-86
Галина,Телицына,Георгьевна,Brown-Kim,+7 (937) 666-72-48,+7 (986) 743-42-88
Макар,Ячменьков,Павлович,Schroeder-Weber,+7 (986) 462-96-13,+7 (963) 454-98-55
Ася,Калакуцкая,Юрьевна,Nelson-Dunn,+7 (998) 986-46-24,+7 (915) 193-68-93
Иннокентий,Емельяненко,Никифорович,Bennett and Sons,+7 (921) 791-69-33,+7 (965) 541-22-68
Георгий,Мещеряков,Юринович,"Clarke, Dodson and Davis",+7 (906) 736-51-48,+7 (999) 346-48-65
Алиса,Яресько,Федоровна,"Smith, Reese and Fox",+7 (986) 600-50-26,+7 (991) 924-24-18
Елена,Грачёва,Панкратовна,Sampson LLC,+7 (977) 695-26-14,+7 (978) 787-80-74
Марк,Ярский,Романович,West Inc,+7 (994) 265-54-14,+7 (907) 724-18-34
Максим,Невьянцев,Герасимович,"Clark, Pierce and Davis",+7 (927) 723-54-96,+7 (913) 702-49-25
Геннадий,Аникеев,Валентинович,Preston-Johnson,+7 (914) 729-66-97,+7 (967) 961-16-98
Ольга,Моряева,Вячеславовна,Flowers-Martin,+7 (995) 580-57-20,+7 (975) 441-22-61
Вениамин,Челпанов,Ипполитович,Vasquez-Barr,+7 (938) 206-95-27,+7 (936) 227-63-41
Марьяна,Монакова,Максимовна,Navarro Ltd,+7 (969) 476-79-92,+7 (950) 540-98-32
Никита,Стегнов,Николаевич,Shields-Carter,+7 (993) 189-80-94,+7 (985) 809-65-49
Георгий,Фомичев,Витальевич,Nolan and Sons,+7 (942) 947-50-98,+7 (968) 564-44-17
Ника,Рубцова,Петровна,Smith Group,+7 (910) 620-58-72,+7 (921) 243-53-51
Дмитрий,Кабаидзе,Филиппович,"Ferguson, Brown and Lewis",+7 (913) 599-66-16,+7 (915) 699-80-29
Ярослава,Алексеева,Ефимовна,Anderson-Davis,+7 (917) 669-77-11,+7 (965) 546-56-61
Елена,Куликова,Александровна,"Henson, Alvarado and Smith",+7 (963) 239-45-13,+7 (930) 627-94-67
Иннокентий,Колодезев,Даниилович,"Keller, Nolan and Thompson",+7 (960) 579-43-78,+7 (952) 919-97-89
Евгений,Грачев,Никанорович,"Stevenson, Mclean and Paul",+7 (943) 341-11-68,+7 (919) 562-85-39
Наталия,Дроздова,Данииловна,"Carr, Ford and Newman",+7 (978) 868-94-19,+7 (930) 806-19-75
Петр,Богун,Фадеевич,"Butler, Donaldson and Bryant",+7 (995) 341-55-61,+7 (920) 573-33-95
Лариса,Сизая,Геннадьевна,"Ramirez, Marquez and Johnson",+7 (991) 171-44-78,+7 (988) 675-17-92
Ксения,Ямщикова,Григорьевна,"Watkins, Bridges and Wright",+7 (912) 467-12-65,+7 (975) 735-29-63
Емельян,Кузнецов,Всеволодович,"Hancock, Oliver and Stewart",+7 (993) 167-40-22,+7 (922) 666-50-69
Роман,Жабин,Макарович,"Pennington, Mcbride and Barker",+7 (916) 256-28-85,+7 (977) 638-15-98
Семен,Овчинников,Феодосивич,"Crawford, Garcia and Reed",+7 (971) 198-91-42,+7 (986) 974-88-15
Афанасий,Холод,Викторович,"Schaefer, Bryant and Jimenez",+7 (990) 563-11-77,+7 (982) 473-62-10
Прохор,Гребенщиков,Степанович,"Frazier, Bartlett and Johnson",+7 (918) 167-81-37,+7 (925) 146-81-30
Василий,Утёсов,Петрович,Stewart Group,+7 (908) 221-98-69,+7 (971) 810-85-16
Татьяна,Сазонова,Всеволодовна,Smith and Sons,+7 (950) 241-31-19,+7 (960) 947-96-37
Лидия,Федотова,Степановна,Howard-Blanchard,+7 (911) 433-49-37,+7 (944) 114-89-80
Нонна,Ковшевникова,Якововна,"Brown, Daugherty and Bryan",+7 (949) 665-40-57,+7 (906) 110-80-64
Антонина,Мишутина,Аркадьевна,Marsh Ltd,+7 (919) 911-88-13,+7 (942) 127-76-83
Жанна,Козлова,Евгеньевна,"Dominguez, Flowers and Silva",+7 (994) 343-63-18,+7 (982) 765-29-66
Петр,Помелов,Антонович,Nash Group,+7 (929) 348-46-49,+7 (927) 109-24-63
Елизавета,Шурдук,Саввановна,"Haney, Torres and Charles",+7 (983) 436-97-70,+7 (973) 706-66-57
Дмитрий,Пономарев,Георгиевич,"Benton, Ramirez and Young",+7 (997) 884-51-37,+7 (969) 442-72-74
Афанасия,Хвостовская,Леонидовна,Cruz and Sons,+7 (974) 369-35-34,+7 (983) 457-56-19
Константин,Малинин,Филиппович,Cooper-Thomas,+7 (935) 307-79-86,+7 (996) 633-95-59
Юрий,Игнатьев,Ираклиевич,Robinson PLC,+7 (930) 340-44-89,+7 (992) 873-99-23
Варвара,Стрелкова,Федоровна,Eaton and Sons,+7 (970) 351-71-93,+7 (941) 636-87-91
Мила,Покровская,Захаровна,Atkins LLC,+7 (914) 162-39-80,+7 (977) 456-19-80
Сюзанна,Мощенская,Себастьяновна,Mora-Alvarez,+7 (905) 567-80-33,+7 (924) 315-82-42
Федот,Якименко,Никифорович,Reed-Sellers,+7 (977) 948-67-56,+7 (972) 238-59-30
Василиса,Жердева,Игнатьевна,Ryan-Booth,+7 (954) 223-30-52,+7 (953) 342-19-25
Валентин,Цуцков,Леонтьевич,Taylor-West,+7 (947) 466-73-35,+7 (918) 506-99-76
Антонина,Палюлина,Лльвона,Stein-Tate,+7 (964) 621-10-75,+7 (971) 306-24-91
Алиса,Трошкина,Иннокентьевна,"Baird, Benson and Ponce",+7 (955) 394-68-73,+7 (991) 662-53-70
Петр,Голубчиков,Данилович,White-Cooke,+7 (950) 674-84-77,+7 (965) 601-10-79
Вениамин,Дейнекин,Никитович,"Knapp, Patel and Perez",+7 (931) 273-72-80,+7 (994) 614-54-66
Павел,Ермолаев,Петрович,"Bryant, Lopez and Rodriguez",+7 (922) 959-63-22,+7 (916) 530-53-43
Иван,Галыгин,Антонович,Briggs Ltd,+7 (970) 775-47-57,+7 (937) 887-83-13
Макар,Ярочкин,Иванович,"Ochoa, Perez and Brown",+7 (946) 906-43-64,+7 (924) 602-30-33
Захар,Пончиков,Васильевич,Ford Inc,+7 (937) 449-32-37,+7 (920) 376-86-14
Герман,Леонтьев,Васильевич,Clayton-Phillips,+7 (979) 691-98-68,+7 (931) 242-79-64
Роман,Сиянгулов,Панкратович,"Jackson, Wolf and Ryan",+7 (945) 388-30-77,+7 (943) 444-92-84
Марк,Балакин,Игнатьевич,"Cardenas, Robinson and Harvey",+7 (948) 160-57-54,+7 (970) 465-42-78
Марк,Дасаев,Тимофеевич,Williams-Edwards,+7 (985) 524-92-46,+7 (911) 861-71-81
Леонтий,Кручинин,Игнатьевич,Diaz-Simmons,+7 (909) 281-36-14,+7 (978) 103-83-57
Николай,Ледовской,Викторович,"Jones, Maxwell and Mcdaniel",+7 (925) 501-54-73,+7 (910) 648-59-38
Семен,Дорохов,Панкратович,Oneill and Sons,+7 (988) 850-94-83,+7 (913) 881-35-69
Федор,Блохин,Никифорович,Strickland-Torres,+7 (982) 294-70-34,+7 (990) 114-64-11
Максим,Булыгин,Кириллович,"Taylor, Olsen and Edwards",+7 (910) 770-87-13,+7 (950) 728-48-43
Татьяна,Брежнева,Афанасьевна,Clark-Foley,+7 (965) 968-46-92,+7 (932) 162-22-13
Прохор,Бирюков,Петрович,Flores Group,+7 (909) 508-80-79,+7 (956) 336-57-29
Кира,Ефимова,Тимофеевна,Copeland-Dawson,+7 (920) 390-34-25,+7 (908) 648-87-39
Арина,Багрова,Адамовна,Stanley Group,+7 (910) 740-76-36,+7 (934) 898-80-19
Ольга,Юрасова,Прокловна,Carpenter-Thompson,+7 (939) 769-45-15,+7 (915) 711-97-85
Любовь,Полухина,Марковна,Lee Ltd,+7 (976) 515-59-25,+7 (988) 621-98-96
Виктор,Мишин,Валентинович,Raymond-Richardson,+7 (970) 722-83-98,+7 (918) 211-78-79
Семен,Денисов,Викторович,"Perry, Grant and Snyder",+7 (965) 732-26-51,+7 (934) 155-92-88
Анна,Коченкова,Трофимовна,Parrish PLC,+7 (909) 416-63-58,+7 (988) 743-72-11
Марк,Будаев,Яковлевич,Harrison-Reyes,+7 (984) 105-97-13,+7 (982) 132-59-55
Светлана,Тимирязева,Васильевна,Arnold Group,+7 (961) 251-71-66,+7 (984) 233-49-75
Ева,Разбойникова,Климентьевна,Young-Campbell,+7 (961) 955-89-24,+7 (987) 200-61-35
Ника,Нефёдова,Акимовна,Griffin-Cummings,+7 (938) 848-61-45,+7 (950) 608-48-23
Клавдия,Канкия,Семеновна,Williams and Sons,+7 (970) 155-61-89,+7 (924) 358-68-33
Жанна,Ярушина,Вениаминовна,Mack Group,+7 (982) 718-65-90,+7 (980) 437-91-92
Даниил,Славаков,Георгиевич,"Young, Woods and Vargas",+7 (970) 242-75-61,+7 (911) 961-59-70
Нонна,Косинова,Григорьевна,Lane Ltd,+7 (958) 811-19-43,+7 (922) 944-31-46
Лана,Ахтемирова,Ефимовна,Bolton and Sons,+7 (945) 222-93-22,+7 (923) 233-40-24
Юлия,Яушева,Павловна,Kent Group,+7 (934) 737-25-62,+7 (977) 423-63-89
Юлиана,Попырина,Аркадьевна,"Perez, Castillo and Alexander",+7 (937) 473-59-24,+7 (916) 183-73-74
Нина,Сотова,Григорьевна,Shaw-Abbott,+7 (938) 122-24-56,+7 (950) 152-94-65
Лана,Грабарь,Петровна,Hall-Steele,+7 (937) 461-36-42,+7 (990) 347-10-81
Николай,Чупалов,Федорович,Reilly-Smith,+7 (973) 247-36-86,+7 (991) 287-67-57
Таисия,Сияница,Ивановна,"Porter, Osborne and Lopez",+7 (986) 725-90-13,+7 (975) 242-62-96
София,Вазова,Егоровна,Hall-Martin,+7 (999) 619-85-44,+7 (949) 157-96-83
Мила,Кольцова,Валерьевна,Doyle-Yates,+7 (940) 247-31-10,+7 (983) 186-13-39
Надежда,Корнеева,Серафимовна,Robinson-Hodges,+7 (932) 723-60-85,+7 (997) 316-58-66
Георгий,Агафонов,Серафимович,Ward-Wilson,+7 (929) 150-40-18,+7 (939) 622-53-56
Федор,Марков,Александрович,Huang-Cantu,+7 (988) 706-75-43,+7 (919) 762-63-26
Марфа,Хлебова,Петровна,Castillo Group,+7 (926) 306-93-39,+7 (995) 257-87-52
Алиса,Боварина,Якововна,Sanders-Nolan,+7 (935) 227-37-23,+7 (931) 905-79-38
Алена,Шалушкина,Фадеевна,Lutz-Padilla,+7 (996) 662-17-50,+7 (959) 402-69-94
Даниил,Енотин,Денисович,"Gonzalez, Martinez and Austin",+7 (920) 965-24-40,+7 (937) 899-96-89
Яков,Чернышёв,Геннадьевич,Ramirez-Chavez,+7 (963) 609-11-85,+7 (967) 418-91-15
Мария,Кооскора,Лльвона,Evans-Blackwell,+7 (929) 828-65-58,+7 (922) 862-92-50
Вера,Жестакова,Лльвона,Martin-Gomez,+7 (932) 775-76-33,+7 (912) 381-49-99
Дарья,Апевалова,Фадеевна,Smith Ltd,+7 (957) 802-16-55,+7 (939) 406-38-27
Трофим,Зарубин,Семенович,"Osborn, Sanchez and Moore",+7 (914) 998-36-32,+7 (959) 361-71-12
Аполлинария,Жеглова,Федоровна,Mosley LLC,+7 (987) 275-50-38,+7 (947) 174-27-35
Сергей,Мамонов,Афанасьевич,"Orr, Charles and Tanner",+7 (933) 345-94-35,+7 (945) 467-16-57
Прохор,Бикеев,Прокопьевич,"Wilson, Burton and Ruiz",+7 (941) 285-47-64,+7 (954) 564-19-64
Иван,Бодров,Афанасьевич,"Lyons, Hughes and Davis",+7 (967) 763-58-54,+7 (947) 943-23-62
Ярослава,Удома,Петровна,Harrell-Meyer,+7 (995) 460-94-28,+7 (968) 285-68-52
Гавриил,Цыцын,Иванович,Morris-Nguyen,+7 (992) 861-50-16,+7 (987) 979-68-65
Константин,Огородников,Лукьевич,Henson-Lane,+7 (924) 203-50-14,+7 (923) 447-73-56
Альбина,Коваль,Кирилловна,Hayes Ltd,+7 (913) 591-68-86,+7 (974) 502-90-45
Мария,Поникарова,Панкратовна,"Williams, Steele and Cook",+7 (987) 828-33-49,+7 (999) 177-82-55
Катерина,Мухаметова,Никаноровна,Weaver PLC,+7 (997) 786-87-77,+7 (976) 647-18-96
Анастасия,Сиянкова,Семеновна,Stephenson-Simpson,+7 (947) 557-15-18,+7 (992) 174-15-36
Светлана,Чендева,Прокопьевна,"Miller, Smith and Tyler",+7 (971) 114-65-73,+7 (935) 690-90-95
Анжела,Гречко,Афанасьевна,"Patel, Tucker and Rodriguez",+7 (976) 371-72-90,+7 (918) 412-43-53
Сюзанна,Кярбер,Емельяновна,"Lester, Daniel and Andrews",+7 (983) 134-85-12,+7 (990) 832-44-86
Вера,Ярустовская,Гаврннловна,"Herrera, Jenkins and Harris",+7 (935) 983-98-74,+7 (923) 201-47-58
Клара,Старкова,Прокопьевна,Wallace LLC,+7 (914) 334-71-92,+7 (951) 457-36-30
Таисия,Коровина,Кирилловна,Pearson Inc,+7 (944) 539-90-90,+7 (974) 773-30-49
Макар,Буров,Алексеевич,"Garcia, Macias and Henderson",+7 (941) 310-41-67,+7 (940) 666-25-71
Алла,Шмакова,Емельяновна,"Price, Walker and Chaney",+7 (959) 997-66-23,+7 (983) 293-82-56
Георгий,Катин,Георгиевич,Anderson-Miller,+7 (958) 791-98-82,+7 (943) 460-95-83
Людмила,Балунова,Леонтьевна,Moore-Cruz,+7 (923) 161-20-67,+7 (919) 865-18-85
Валерий,Гнездилов,Романович,"Miller, Guerra and Thomas",+7 (930) 744-12-17,+7 (975) 711-74-16
Григорий,Кутлыев,Филиппович,"Walker, Martinez and Black",+7 (920) 935-10-94,+7 (986) 646-23-83
Екатерина,Чуринова,Егоровна,Mccann-Green,+7 (915) 323-27-21,+7 (951) 173-90-44
Алексей,Уттеркло,Федотович,"Richmond, Valencia and Wilson",+7 (983) 879-74-33,+7 (980) 638-82-99
Нонна,Лебединцева,Герасимовна,Jackson-Mercer,+7 (906) 507-26-37,+7 (957) 940-59-73
Тамара,Окладникова,Семеновна,"Anderson, Castillo and Stout",+7 (959) 351-91-24,+7 (980) 898-35-43
Афанасий,Чичерин,Васильевич,"Mccarthy, Soto and Lloyd",+7 (906) 882-37-43,+7 (947) 646-14-17
Севастьян,Янаслов,Филиппович,Hunt-Rodriguez,+7 (935) 685-19-47,+7 (977) 821-65-42
Ярослава,Салагина,Антоновна,"Chen, Martinez and Hale",+7 (928) 657-25-83,+7 (955) 627-21-28
Полина,Кутикова,Макаровна,Owen LLC,+7 (957) 588-35-87,+7 (925) 852-33-76
Ефим,Неделяев,Петрович,King PLC,+7 (939) 991-27-16,+7 (925) 132-31-71
Валентина,Дёмшина,Лукьяновна,"King, White and Wells",+7 (988) 849-27-40,+7 (909) 193-21-59
Милана,Карманова,Дмитриевна,Smith Ltd,+7 (969) 787-85-45,+7 (967) 856-51-30
Юлиан,Тарасов,Маркович,"Taylor, Wall and Dodson",+7 (965) 299-80-71,+7 (971) 637-38-92
Кирилл,Оськин,Ефимович,"Campbell, Patterson and Murphy",+7 (978) 970-44-68,+7 (970) 473-99-93
Илья,Пересторонин,Павлович,Maxwell-Burgess,+7 (954) 462-28-29,+7 (958) 584-58-24
Макар,Железнов,Павлович,"Wong, Kelly and Miller",+7 (986) 671-13-29,+7 (945) 721-44-24
Илья,Теплых,Аркадьевич,"Hernandez, Quinn and Taylor",+7 (924) 614-60-36,+7 (969) 761-75-29
Александр,Косарев,Ильич,Morales LLC,+7 (915) 143-70-41,+7 (986) 370-46-29
Зоя,Кучерова,Нифонтовна,Garcia-Dennis,+7 (945) 821-82-87,+7 (971) 655-88-45
Захар,Канаев,Евгениевич,Christian LLC,+7 (943) 341-97-68,+7 (938) 316-88-83
Георгий,Константинов,Павлович,Rhodes and Sons,+7 (908) 798-33-53,+7 (920) 842-85-90
Прохор,Якуткин,Викторович,Diaz and Sons,+7 (923) 462-23-78,+7 (929) 990-14-74
Кирилл,Ломоносов,Евгеньевич,Rogers-Wright,+7 (908) 522-94-84,+7 (956) 170-95-61
Трофим,Шелепин,Севастьянович,"Sutton, Phelps and Miller",+7 (960) 597-60-83,+7 (924) 622-69-84
Валерий,Кадетов,Георгиевич,"Lee, Martinez and Gonzalez",+7 (976) 138-99-81,+7 (962) 442-95-17
Константин,Батурин,Витальевич,Howard-Gross,+7 (939) 609-61-77,+7 (908) 254-29-98
Вячеслав,Набатников,Феликсович,"Barber, Hernandez and Parks",+7 (919) 698-84-41,+7 (926) 731-42-69
Антон,Оскорбин,Валерьевич,"Davis, Lee and Nunez",+7 (941) 574-36-15,+7 (970) 478-67-89
Юлиана,Грибалева,Арсеньевна,"Mcclure, Johnson and Wright",+7 (936) 642-71-53,+7 (916) 716-15-60
Вениамин,Проскура,Захарович,"Nunez, Davis and Perez",+7 (928) 130-54-51,+7 (967) 332-43-28
Анжела,Никольникова,Давидовна,Perez Ltd,+7 (967) 726-56-19,+7 (991) 890-42-48
Игнатий,Туполев,Савванович,"Parker, Zimmerman and Frederick",+7 (936) 863-25-42,+7 (979) 789-55-15
Севастьян,Карнаухов,Фадеевич,Hernandez-Schultz,+7 (984) 919-73-97,+7 (993) 726-90-58
Катерина,Курепина,Никаноровна,Lucas-Cook,+7 (961) 152-34-50,+7 (950) 193-27-33
Елизавета,Грицевец,Евгеньевна,Floyd-Green,+7 (937) 221-68-45,+7 (958) 929-70-81
Дмитрий,Арсеиньев,Тимофеевич,Holt-Andersen,+7 (929) 334-43-98,+7 (912) 422-52-72
Марьяна,Рошета,Ефимовна,Perez-Keith,+7 (970) 977-46-13,+7 (923) 106-38-83
Константин,Валюхов,Елизарович,Vasquez Group,+7 (971) 916-56-65,+7 (949) 311-70-34
Давид,Гарифуллин,Григорьевич,Weaver LLC,+7 (963) 625-28-64,+7 (965) 321-81-11
Валерия,Мишнева,Максимовна,"Davidson, Ortiz and Ryan",+7 (984) 679-78-63,+7 (931) 294-60-48
Прохор,Новиков,Прохорович,Russo and Sons,+7 (937) 492-90-20,+7 (971) 590-21-36
Иван,Яшунин,Никанорович,Merritt-Santiago,+7 (974) 568-81-72,+7 (972) 315-91-15
Катерина,Брагина,Степановна,Delgado-Ford,+7 (907) 784-29-21,+7 (942) 287-52-55
Серафима,Горюнова,Васильевна,Durham-Cruz,+7 (979) 557-59-48,+7 (967) 138-85-21
Давид,Дементьев,Севастьянович,Lam LLC,+7 (995) 180-69-85,+7 (960) 946-64-25
Раиса,Кутлыева,Афанасьевна,Robinson-Sherman,+7 (978) 292-47-96,+7 (945) 458-64-66
Ксения,Урусова,Серафимовна,Baker and Sons,+7 (924) 947-89-60,+7 (944) 309-79-40
Алина,Порошина,Данииловна,Merritt-Pennington,+7 (932) 386-85-61,+7 (966) 869-38-88
Николай,Шипицин,Герасимович,Lee LLC,+7 (988) 533-25-32,+7 (917) 886-99-67
Макар,Яздовский,Акимович,Page Group,+7 (907) 298-79-28,+7 (964) 499-63-83
Зинаида,Мамонова,Кирилловна,Mason and Sons,+7 (911) 762-90-74,+7 (995) 421-89-69
Семен,Девятков,Трофимович,Lindsey-Larson,+7 (976) 163-64-94,+7 (973) 225-75-28
Наталия,Хуснутдинова,Константиновна,Russell-Jackson,+7 (984) 433-10-67,+7 (932) 504-52-12
Алексей,Звягин,Кириллович,Joseph-Miller,+7 (934) 326-61-70,+7 (940) 910-29-86
Степан,Хромченко,Емельянович,Dorsey Inc,+7 (974) 148-43-10,+7 (947) 196-13-14
Константин,Изотов,Прокльев,Newton Inc,+7 (928) 757-92-52,+7 (965) 664-94-99
Афанасий,Деменков,Серафимович,Smith Inc,+7 (979) 800-13-11,+7 (943) 940-35-77
Василиса,Кадцына,Адамовна,Sullivan PLC,+7 (916) 993-34-97,+7 (917) 267-96-84
Герасим,Грибалев,Степанович,"Cruz, Peck and Simon",+7 (984) 550-28-64,+7 (947) 209-26-79
Роман,Югов,Арсеньевич,"Green, Holt and Butler",+7 (980) 552-80-16,+7 (976) 112-47-79
Федот,Канунников,Венедиктович,Burns-Holland,+7 (909) 165-59-18,+7 (973) 859-67-32
Павел,Леонидов,Витальевич,"Zavala, Mcdowell and Hicks",+7 (945) 732-24-40,+7 (954) 522-49-44
Петр,Хребтов,Севастьянович,"Mcgee, Mathews and Contreras",+7 (918) 909-20-39,+7 (983) 410-66-89
Максим,Бобылев,Алексеевич,Olson-Rocha,+7 (962) 597-65-39,+7 (980) 417-30-57
Антонина,Мягкова,Игнатьевна,Fields and Sons,+7 (974) 520-44-36,+7 (965) 211-28-41
Георгий,Экспериментов,Феоктистович,Taylor Ltd,+7 (980) 370-78-81,+7 (981) 961-91-20
Елена,Булка,Емельяновна,Melendez-Williams,+7 (924) 178-91-69,+7 (932) 442-68-25
Вячеслав,Греков,Вячеславович,"Harrell, Franklin and Warren",+7 (968) 248-60-78,+7 (993) 241-10-14
Василиса,Ныркова,Севастьяновна,Sutton Ltd,+7 (970) 474-80-96,+7 (989) 908-59-97
Евгения,Овощникова,Порфнрьевна,Brown and Sons,+7 (946) 850-81-79,+7 (951) 775-77-66
Лидия,Русинова,Валериановна,Rice and Sons,+7 (906) 133-20-80,+7 (994) 363-96-49
Раиса,Лелух,Прохоровна,Mcclure and Sons,+7 (911) 180-83-88,+7 (910) 550-93-28
Варвара,Ломоносова,Филипповна,Banks-Williams,+7 (951) 757-14-41,+7 (936) 568-61-30
Аркадий,Чернявский,Евгеньевич,James and Sons,+7 (916) 328-26-61,+7 (937) 635-40-88
Клавдия,Корниец,Ильиновна,Meyer PLC,+7 (994) 833-89-61,+7 (936) 923-67-15
Емельян,Шубкин,Семенович,"Sampson, Nichols and Cochran",+7 (997) 991-38-89,+7 (909) 244-10-50
Никита,Кутичев,Леонидович,Bauer and Sons,+7 (950) 715-44-97,+7 (996) 704-82-96
Давид,Зарица,Яковлевич,Barnes LLC,+7 (945) 965-13-94,+7 (951) 182-20-91
Марианна,Бондарчука,Алексеевна,Long Ltd,+7 (923) 160-50-69,+7 (954) 622-21-57
Кира,Рыжанова,Лльвона,Frazier LLC,+7 (978) 135-54-62,+7 (945) 687-68-26
Василий,Черников,Григорьевич,"Scott, Wright and Grant",+7 (932) 716-51-78,+7 (961) 377-83-14
Валентина,Смелоча,Юрьевна,"Perez, Welch and Moore",+7 (936) 269-54-87,+7 (922) 227-61-47
Василий,Андрейченко,Сергеевич,"Matthews, Diaz and Sellers",+7 (940) 559-85-62,+7 (910) 500-88-38
Валерий,Куусинен,Павлович,Wallace-Robinson,+7 (997) 986-68-70,+7 (988) 538-19-48
Инна,Перехваткина,Ефремовна,Simon-James,+7 (994) 601-56-96,+7 (986) 388-82-99
Георгий,Косарев,Дмитриевич,"Barrett, Rivas and Martin",+7 (930) 579-84-46,+7 (978) 131-69-69
Карина,Пыхтина,Власовна,Lee Group,+7 (993) 240-18-64,+7 (910) 845-84-77
Ярослава,Соломина,Саввановна,"Martinez, Haynes and Wolf",+7 (972) 843-42-37,+7 (944) 672-86-12
Ефим,Ярмольник,Игнатьевич,"Valdez, Smith and Hughes",+7 (956) 963-71-13,+7 (905) 753-23-67
Кузьма,Гусляков,Филиппович,"Smith, Hoover and Andrews",+7 (917) 777-19-84,+7 (971) 946-27-18
Емельян,Водянов,Маркович,Rodriguez-Parker,+7 (932) 871-73-94,+7 (980) 848-35-23
Юрин,Кондратов,Григорьевич,Fields-Brandt,+7 (994) 253-58-18,+7 (938) 883-18-58
Николай,Ягодич,Власович,Cox-Gray,+7 (958) 757-92-17,+7 (906) 105-31-19
Ульяна,Нюхалова,Юрьевна,"Malone, Morris and Bishop",+7 (966) 342-10-55,+7 (941) 308-73-14
Жанна,Богоносцева,Тарасовна,Daniels-Taylor,+7 (940) 750-30-23,+7 (924) 813-35-48
Семен,Лебединский,Кириллович,Jackson-Hicks,+7 (992) 520-75-40,+7 (951) 807-38-13
Маргарита,Бабичева,Никандровна,Bell-Clay,+7 (927) 171-11-66,+7 (959) 988-46-47
Давид,Коптильников,Павлович,Smith Inc,+7 (953) 128-79-55,+7 (973) 153-92-73
Марина,Коновалова,Сергеевна,Johnson Group,+7 (924) 125-58-95,+7 (931) 784-99-36
Макар,Брязгин,Федорович,Gonzalez-Sharp,+7 (961) 773-54-39,+7 (916) 945-67-52
Антонина,Поникарова,Степановна,"Rodriguez, Daniels and Robinson",+7 (970) 113-11-32,+7 (978) 156-85-80
Евгений,Хигир,Викторович,"Lynn, Johnson and Tanner",+7 (984) 199-33-87,+7 (979) 933-22-15
Наталия,Селезнёва,Севастьяновна,"Walker, Williams and Rodgers",+7 (907) 448-24-63,+7 (969) 255-74-19
Егор,Лаер,Иванович,"Benitez, Cruz and Peters",+7 (996) 714-51-95,+7 (977) 989-56-95
Емельян,Буков,Кузьмич,Moore-Howe,+7 (913) 943-90-77,+7 (955) 950-39-72
Марфа,Шаломенцева,Константиновна,Clarke-Peters,+7 (911) 673-91-61,+7 (972) 233-27-19
Вячеслав,Ямков,Даниилович,Allen-Diaz,+7 (938) 400-27-35,+7 (956) 276-14-77
Вера,Мещерякова,Валерьевна,Marsh-Hernandez,+7 (997) 425-83-96,+7 (999) 812-35-69
Трофим,Чунц,Вячеславович,Beard Inc,+7 (916) 452-92-60,+7 (937) 180-16-88
Иннокентий,Янцижин,Ильич,Moore-Rivers,+7 (997) 493-22-14,+7 (998) 583-17-13
Маргарита,Шарапова,Иннокентьевна,Campbell Ltd,+7 (991) 832-27-47,+7 (994) 438-89-21
Алина,Толкачева,Серафимовна,Gilbert-Mcgee,+7 (915) 695-71-23,+7 (959) 572-71-51
Антон,Мышелов,Викторович,Choi-Chandler,+7 (948) 589-73-63,+7 (940) 393-50-65
Адам,Якобсон,Семенович,"Davis, Coleman and Tran",+7 (982) 131-74-77,+7 (934) 504-85-23
Алексей,Рюмов,Саввеевич,Bell LLC,+7 (906) 213-14-98,+7 (999) 287-41-77
Ася,Эмская,Николаевна,Franklin Ltd,+7 (999) 366-23-39,+7 (948) 512-92-46
Жанна,Покалюк,Никифоровна,"Wright, Tyler and Welch",+7 (912) 756-35-15,+7 (928) 650-29-28
Лидия,Щепкина,Акимовна,Burgess-Sharp,+7 (920) 676-37-15,+7 (969) 932-94-53
Федор,Званцов,Петрович,Li Inc,+7 (965) 199-56-22,+7 (913) 461-90-19
Нина,Верещагина,Трофимовна,"Clark, Rocha and Williams",+7 (922) 767-51-59,+7 (933) 674-25-50
Михаил,Ягунов,Гаврннлович,Young-Miller,+7 (971) 939-88-58,+7 (909) 183-32-88
Дарья,Нежданова,Аркадивна,"Nelson, Cervantes and Lyons",+7 (948) 541-27-66,+7 (913) 368-92-83
Сюзанна,Зубкова,Макаровна,Pierce-Joseph,+7 (945) 999-41-95,+7 (998) 597-90-59
Екатерина,Овсова,Тарасовна,Lane-Diaz,+7 (935) 343-98-20,+7 (956) 651-65-44
Ника,Попова,Григорьевна,Harris-Todd,+7 (976) 561-14-55,+7 (911) 671-48-50
Александра,Солодских,Давидович,Benjamin and Sons,+7 (994) 611-66-78,+7 (977) 548-76-85
Клара,Фунтусова,Марковна,Morris LLC,+7 (914) 827-58-54,+7 (960) 494-92-57
Лариса,Койначёнок,Николаевна,"Huynh, Garza and Hayes",+7 (938) 536-95-26,+7 (994) 664-12-18
Анастасия,Ягодинская,Гаврннловна,"Price, Robertson and Zimmerman",+7 (989) 525-59-95,+7 (943) 969-51-67
Савва,Капустов,Кириллович,Miller-Carpenter,+7 (947) 183-35-37,+7 (936) 710-36-35
Иван,Карибжанов,Максимоич,Frost-Torres,+7 (932) 366-56-54,+7 (955) 220-67-51
Ефим,Крючков,Феоктистович,"Jones, Ochoa and Rios",+7 (959) 799-90-62,+7 (925) 896-26-93
Юлиана,Рогова,Константиновна,"Davis, Harrison and Phillips",+7 (953) 206-87-18,+7 (969) 831-84-26
Тамара,Яблоновская,Севастьяновна,Cox Group,+7 (958) 555-85-39,+7 (952) 552-51-64
Ярослава,Цветкова,Саввановна,Grant Group,+7 (978) 295-69-32,+7 (958) 484-75-65
Василий,Беспалов,Венедиктович,Michael Ltd,+7 (964) 305-52-60,+7 (941) 324-25-70
Илья,Лапидус,Никифорович,"Chen, Warren and Miller",+7 (983) 449-55-96,+7 (939) 777-18-85
Анжела,Яшихина,Васильевна,Lambert LLC,+7 (952) 848-32-14,+7 (955) 577-55-87
Аполлинария,Абоймова,Саввановна,"Miller, Walters and Holmes",+7 (914) 312-88-10,+7 (981) 357-91-31
Полина,Шумова,Якововна,Castro Inc,+7 (921) 633-90-66,+7 (967) 610-25-95
Роман,Мамкин,Прохорович,"Dunn, Oneill and Brown",+7 (930) 842-64-59,+7 (996) 356-46-74
Ефим,Мартынов,Вениаминович,Hill PLC,+7 (986) 176-84-54,+7 (919) 260-27-76
Оксана,Глинка,Игнатевна,Palmer Ltd,+7 (967) 858-24-32,+7 (973) 255-72-31
Николай,Григорьев,Григорьевич,"Norton, Rice and Thomas",+7 (947) 161-26-11,+7 (990) 165-81-98
Игнатий,Леонов,Аркадинович,Reyes PLC,+7 (914) 275-97-17,+7 (938) 636-76-98
Нонна,Зотова,Захаровна,Farmer PLC,+7 (982) 363-17-55,+7 (971) 504-16-23
Давид,Белоглазов,Максимович,"Robinson, Wheeler and Thompson",+7 (963) 297-66-80,+7 (974) 430-92-54
Александр,Онегин,Емельянович,Barrett Inc,+7 (941) 786-56-25,+7 (981) 800-51-41
Марфа,Золотарева,Алексеевна,Glass-Gilmore,+7 (960) 521-50-31,+7 (938) 908-54-58
Павел,Потапов,Константинович,Hunt-Moss,+7 (905) 989-96-76,+7 (961) 992-10-69
Вера,Тяпичева,Валерьевна,Bradley-Hardy,+7 (973) 343-54-76,+7 (991) 342-62-22
Марфа,Милехина,Викторовна,Rodriguez-Wells,+7 (996) 808-75-52,+7 (969) 489-57-42
Степан,Панкин,Петрович,"Brown, Sherman and Jenkins",+7 (951) 509-45-58,+7 (961) 763-85-23
Маргарита,Доскаль,Тимофеевна,"Miller, Stephens and Bartlett",+7 (985) 285-90-20,+7 (920) 775-40-84
Александр,Глушков,Венедиктович,Williams-Wilcox,+7 (988) 858-12-37,+7 (911) 329-51-42
Анжела,Павлова,Нифонтовна,"Hill, Lee and Mcbride",+7 (936) 359-52-62,+7 (971) 686-12-35
Игнат,Гусаров,Егорович,Mcclure PLC,+7 (990) 551-78-46,+7 (915) 973-29-85
Игнат,Коптильников,Наумович,"Cross, Waller and Price",+7 (961) 452-33-95,+7 (963) 630-55-96
Антонина,Федотова,Тимофеевна,Burke-Carpenter,+7 (942) 445-74-31,+7 (933) 780-70-83
Роман,Нужнов,Юринович,Martinez Group,+7 (995) 647-88-91,+7 (994) 251-23-36
Марк,Шульгин,Севастьянович,Martinez-Lee,+7 (914) 617-16-60,+7 (939) 214-63-32
Светлана,Маркова,Панкратовна,"Jackson, Miller and Brown",+7 (942) 801-84-57,+7 (930) 800-89-34
Ефрем,Толбугин,Тимофеевич,Branch Ltd,+7 (936) 821-35-93,+7 (929) 805-62-53
Зоя,Рокоссовская,Валерьевна,Hensley and Sons,+7 (906) 835-51-74,+7 (915) 577-82-64
Нонна,Свистовская,Арсеньевна,Valentine PLC,+7 (928) 536-28-88,+7 (982) 511-26-78
Семен,Цитников,Семенович,Griffin-Padilla,+7 (930) 794-59-51,+7 (993) 186-77-86
Федор,Тюлепов,Германович,"Manning, Hawkins and Perez",+7 (955) 296-48-30,+7 (990) 289-56-76
Валентин,Маклаков,Михаилович,"Blackwell, Young and Shaw",+7 (980) 849-79-21,+7 (934) 594-42-93
Федор,Ямзин,Валентинович,Robinson-Johnson,+7 (952) 425-45-46,+7 (945) 940-13-53
Лидия,Королькова,Саввановна,Chapman Inc,+7 (978) 629-52-45,+7 (932) 442-44-83
Давид,Ивашин,Максимович,Green-Newman,+7 (999) 241-87-38,+7 (905) 106-17-21
Роман,Кравчиков,Петрович,Turner Group,+7 (979) 726-56-64,+7 (927) 323-86-56
Анфиса,Базарова,Никифоровна,"Merritt, Douglas and Shaffer",+7 (984) 631-49-95,+7 (978) 560-62-94
Кира,Зылькова,Валентиновна,"Ellison, Jennings and Gibson",+7 (973) 647-27-60,+7 (952) 839-77-22
Павел,Арданкин,Иванович,Stanley-Patrick,+7 (914) 136-39-77,+7 (982) 980-87-46
Дарья,Шурьева,Никаноровна,Riley PLC,+7 (922) 683-20-85,+7 (965) 930-50-35
Яков,Дорофеев,Юрьевич,"Haynes, Davis and Davis",+7 (959) 626-76-46,+7 (907) 358-76-98
Ольга,Русакова,Захаровна,Everett PLC,+7 (907) 442-18-80,+7 (931) 716-49-89
Марфа,Портнова,Юрьевна,Campbell Inc,+7 (964) 210-77-32,+7 (964) 725-16-57
Трофим,Квасницкий,Ефремович,Webb Inc,+7 (960) 316-71-48,+7 (954) 163-43-75
Федор,Морошкин,Севастьянович,Lopez-Byrd,+7 (981) 651-95-10,+7 (944) 111-13-30
Кирилл,Ломтев,Денисович,Clark-Coleman,+7 (921) 108-98-15,+7 (969) 295-28-90
Юлия,Крымова,Трофимовна,"Clay, Cruz and Ho",+7 (993) 827-16-25,+7 (987) 421-26-18
Ульяна,Кирдань,Ильиновна,Wilson-Murphy,+7 (974) 752-31-49,+7 (953) 477-79-97
Феликс,Митяшов,Кириллович,Dorsey LLC,+7 (949) 893-52-32,+7 (988) 944-98-54
Екатерина,Шишкарёва,Романовна,Sims-Sandoval,+7 (985) 233-66-15,+7 (906) 468-97-63
София,Логвинова,Венедиктовна,"Morrow, Murphy and Sanders",+7 (966) 246-58-67,+7 (916) 807-61-51
Евгения,Сафонова,Михаиловна,"Landry, Rodriguez and Winters",+7 (949) 328-79-71,+7 (969) 573-96-55
Марианна,Поникарова,Серафимовна,"Richardson, Smith and Owen",+7 (922) 876-69-94,+7 (923) 942-54-78
Павел,Балахнов,Максимоич,"Zimmerman, Taylor and Brooks",+7 (950) 876-54-36,+7 (915) 180-99-67
Валерий,Лачинов,Максимович,"Hunt, Walker and Mccoy",+7 (932) 795-51-98,+7 (997) 487-65-78
Константин,Евтушенко,Васильевич,"Mata, Scott and Jones",+7 (949) 711-78-53,+7 (926) 235-42-44
Ефим,Хватов,Афанасьевич,"Lewis, Jackson and Morris",+7 (937) 823-91-80,+7 (911) 292-35-19
Аркадий,Кондрат,Георгиевич,Scott-Cole,+7 (953) 100-59-48,+7 (911) 903-51-31
Афанасия,Жвикова,Евгеньевна,"Martin, Garcia and Torres",+7 (987) 524-43-69,+7 (972) 502-58-88
Егор,Загидуллин,Афанасьевич,Bell and Sons,+7 (911) 407-69-34,+7 (987) 450-91-82
Анфиса,Енотова,Порфнрьевна,"Cook, Tyler and Powell",+7 (970) 793-28-41,+7 (991) 290-60-45
София,Яцковская,Юлиановна,Brown-Allen,+7 (955) 809-89-89,+7 (968) 318-18-44
Денис,Тюшняков,Серафимович,Cunningham Group,+7 (962) 886-49-14,+7 (932) 327-89-77
Петр,Миронов,Николаевич,"Moreno, Johnson and Lopez",+7 (973) 331-45-36,+7 (961) 192-56-16
Алина,Цулукидзе,Павловна,Brown Group,+7 (968) 350-59-43,+7 (968) 628-14-79
Анна,Юракина,Вениаминовна,"Miller, Wheeler and Case",+7 (916) 237-68-67,+7 (957) 818-99-84
Полина,Островерха,Федоровна,Meyer-Jimenez,+7 (945) 746-27-48,+7 (961) 870-10-82
Филипп,Травников,Прохорович,"Willis, Blake and Bates",+7 (913) 704-36-23,+7 (963) 125-87-54
Трофим,Рогозин,Феодосивич,Daniel-Cox,+7 (976) 930-42-78,+7 (971) 380-45-98
Аполлинария,Павлова,Максимовна,Simon-Pham,+7 (915) 674-69-36,+7 (981) 953-74-76
Валентина,Головаха,Антоновна,"Ward, Abbott and Turner",+7 (962) 761-76-92,+7 (959) 648-96-26
Василий,Мишуринский,Алексеевич,Nguyen-Young,+7 (988) 185-42-85,+7 (989) 230-71-53
Роман,Сухарников,Валерьевич,Gordon-Frazier,+7 (917) 825-26-19,+7 (988) 896-98-53
Жанна,Лившица,Юрьевна,"Foster, Mullins and Castillo",+7 (951) 630-88-84,+7 (984) 997-44-97
Арсений,Селидов,Нифонтович,Swanson and Sons,+7 (981) 671-77-54,+7 (962) 408-45-58
Николай,Юнкин,Антонович,Schroeder-Lee,+7 (912) 923-54-28,+7 (942) 866-76-58
Клара,Кравкова,Никитьевна,Torres Ltd,+7 (985) 834-36-69,+7 (951) 376-92-64
Федор,Филиппов,Николаевич,Salinas-Aguilar,+7 (912) 808-26-85,+7 (974) 335-86-99
Яков,Смагин,Георгиевич,Jones-Kennedy,+7 (994) 909-18-83,+7 (966) 128-96-52
Вероника,Осолодкина,Игнатьевна,Hanson-Donaldson,+7 (979) 831-54-71,+7 (995) 624-38-79
Петр,Нилов,Севастьянович,Miller-Marsh,+7 (956) 393-28-33,+7 (919) 660-46-47
Захар,Грызлов,Германович,Johnson-Petty,+7 (932) 539-43-86,+7 (997) 604-43-90
Гавриил,Магазинер,Юлианович,"Pham, Patel and Lane",+7 (918) 661-20-60,+7 (993) 790-27-11
Дмитрий,Немов,Акимович,"Barnes, Reyes and Reyes",+7 (946) 922-67-35,+7 (988) 434-80-38
Венедикт,Платонов,Витальевич,"Thomas, Levine and Stevens",+7 (948) 130-44-55,+7 (969) 183-41-40
Анастасия,Теплухина,Саввановна,Nash-Franklin,+7 (969) 920-36-45,+7 (961) 125-36-87
Анастасия,Аллилуева,Викторовна,"Cox, Martin and Johnson",+7 (971) 147-97-60,+7 (922) 269-34-77
Клавдия,Дуболадова,Никандровна,"Hall, Webb and Winters",+7 (941) 575-87-31,+7 (983) 953-40-30
Вениамин,Бугайчук,Михаилович,Lee-Shaw,+7 (985) 862-19-67,+7 (989) 292-75-57
Екатерина,Сигова,Сергеевна,Key-Hampton,+7 (959) 618-22-40,+7 (930) 118-20-76
Лана,Водолеева,Филипповна,Arnold Ltd,+7 (905) 284-56-47,+7 (934) 441-88-51
Виктор,Яковкин,Вениаминович,"Silva, Matthews and Spears",+7 (971) 399-55-35,+7 (970) 811-80-30
Константин,Ядренкин,Александрович,Klein-King,+7 (973) 156-75-96,+7 (991) 365-89-33
Емельян,Федулов,Игнатьевич,"Thomas, Johnson and Ponce",+7 (989) 998-51-67,+7 (965) 913-66-39
Марьямна,Жердева,Никаноровна,Wade-Ferguson,+7 (906) 289-17-19,+7 (960) 723-10-94
Александра,Сыропоршнева,Ефимовна,"Adams, Galvan and Colon",+7 (926) 440-41-47,+7 (958) 341-54-77
Александра,Симонова,Георгьевна,White Ltd,+7 (963) 298-88-52,+7 (969) 321-76-92
Марьяна,Большакова,Герасимовна,"Walker, Adams and Carr",+7 (933) 309-87-33,+7 (975) 747-31-90
Юлия,Мельник,Егоровна,Odonnell-Welch,+7 (996) 561-92-68,+7 (951) 123-39-42
Давид,Бушуев,Прохорович,Carr Ltd,+7 (912) 433-50-42,+7 (955) 909-13-84
Ксения,Махова,Дмитриевна,Delgado-Cowan,+7 (972) 409-35-44,+7 (964) 245-55-98
Георгий,Шелагин,Федорович,"Woods, Keller and Brown",+7 (994) 425-43-21,+7 (907) 318-51-73
Юлиан,Кудайбергенов,Максимович,Bird Inc,+7 (918) 687-86-79,+7 (924) 589-37-73
Жанна,Голубцова,Георгьевна,Taylor LLC,+7 (990) 843-11-39,+7 (978) 787-36-80
Яков,Кинжаев,Всеволодович,Liu-Patrick,+7 (967) 862-56-69,+7 (938) 851-60-49
Степан,Гилёв,Юлианович,Edwards Group,+7 (946) 413-31-78,+7 (965) 842-75-27
Филипп,Тёмкин,Степанович,Bush-Todd,+7 (928) 166-23-14,+7 (911) 803-71-37
Вера,Мягкова,Антоновна,"Waters, Casey and Johnson",+7 (921) 565-32-91,+7 (944) 979-69-92
Ника,Драке,Григорьевна,Nguyen LLC,+7 (931) 759-17-74,+7 (933) 531-89-47
Кирилл,Яганов,Тимофеевич,Cox-Hughes,+7 (933) 653-97-81,+7 (924) 970-44-12
Виктория,Майструк,Валентиновна,Taylor-Huang,+7 (966) 913-94-18,+7 (910) 893-52-56
Кира,Крутелева,Федоровна,"Garcia, Pitts and Carter",+7 (967) 165-54-13,+7 (970) 280-53-21
Ника,Крутова,Игнатьевна,Cook-Key,+7 (933) 752-94-82,+7 (941) 832-12-49
Геннадий,Чернов,Львович,Macias Inc,+7 (933) 617-44-37,+7 (909) 892-54-37
Настасья,Исмайлова,Семеновна,Miller-Hardin,+7 (942) 546-21-19,+7 (910) 295-26-12
Ирина,Брежнева,Романовна,Hall-Jones,+7 (955) 761-99-44,+7 (939) 574-86-46
Афанасий,Кизюрин,Венедиктович,"Duffy, Harrison and Ray",+7 (967) 368-62-70,+7 (908) 380-52-17
Надежда,Уланова,Герасимовна,"Anderson, Webster and Hawkins",+7 (988) 505-90-53,+7 (955) 271-75-58
Максим,Никаноров,Артемович,"Sanchez, Fischer and Ford",+7 (946) 183-66-52,+7 (955) 645-55-94
Николай,Ананьев,Венедиктович,Ruiz-Hernandez,+7 (965) 364-74-23,+7 (990) 289-40-29
Василиса,Деменока,Никифоровна,Ellis-Cortez,+7 (994) 304-71-72,+7 (942) 397-98-13
Юлия,Толстокожева,Венедиктовна,"Diaz, Byrd and Mckay",+7 (970) 688-91-42,+7 (949) 869-29-83
Серафим,Андропов,Вениаминович,"Smith, Adams and Maxwell",+7 (921) 860-34-29,+7 (975) 372-16-99
Дмитрий,Королев,Константинович,Livingston-Ho,+7 (972) 885-37-77,+7 (982) 776-16-96
Зоя,Ларина,Якововна,Fuller-Hall,+7 (918) 932-56-18,+7 (925) 752-48-87
Анжела,Демина,Григорьевна,"Fletcher, Hunt and Ramirez",+7 (979) 367-95-69,+7 (910) 820-93-62
Виктория,Гунина,Кузьминовна,Young and Sons,+7 (973) 227-90-46,+7 (924) 539-24-40
Любовь,Шеина,Арсеньевна,"Walter, Sanchez and Lowe",+7 (973) 135-77-50,+7 (919) 109-93-11
Галина,Арсеиньева,Климентьевна,"White, Lee and Mcdaniel",+7 (928) 182-96-84,+7 (986) 896-55-97
Афанасий,Грибоедов,Иванович,Zuniga and Sons,+7 (915) 167-41-84,+7 (927) 248-68-91
Адам,Москвитин,Никифорович,Kelly Ltd,+7 (938) 430-48-27,+7 (988) 589-96-31
Ева,Щеглова,Ивановна,Morgan Ltd,+7 (956) 597-69-84,+7 (924) 837-90-62
Юлиана,Никишина,Елизаровна,Clark-Meza,+7 (971) 371-93-94,+7 (999) 994-42-49
Павел,Яклашкин,Маркович,Rodriguez-Farley,+7 (957) 691-73-35,+7 (954) 712-65-98
Марианна,Юматова,Арсеньевна,"Prince, Mcbride and Rogers",+7 (985) 313-86-10,+7 (989) 258-27-12
Ефрем,Щедров,Константинович,"Smith, Hill and Rodriguez",+7 (971) 676-66-15,+7 (939) 921-23-97
Ольга,Юдашкина,Прохор,Smith-Jones,+7 (931) 628-52-94,+7 (936) 795-75-82
Виктория,Логвинова,Марковна,Morris LLC,+7 (959) 737-63-11,+7 (971) 682-57-84
Галина,Елышева,Геннадьевна,Davis-Spencer,+7 (954) 311-33-71,+7 (925) 102-81-12
Василиса,Смышляева,Филипповна,"King, Lee and Hamilton",+7 (919) 160-85-20,+7 (996) 288-52-30
Леонтий,Меледин,Никитович,"Cox, Beasley and Arnold",+7 (955) 903-64-45,+7 (953) 278-64-22
Иван,Кобонов,Серафимович,Mason and Sons,+7 (970) 536-67-70,+7 (991) 924-79-70
Ольга,Хомякова,Ефимовна,"Mcdonald, Murphy and Gonzalez",+7 (985) 301-35-78,+7 (906) 239-50-66
Клавдия,Карандашова,Емельяновна,Anderson Group,+7 (967) 131-79-68,+7 (956) 501-30-21
Виктор,Смирнов,Романович,"Allen, Garcia and Nichols",+7 (957) 204-12-67,+7 (939) 315-93-57
Лаврентий,Молодых,Лаврентиич,"Lee, Williamson and Sullivan",+7 (977) 332-11-40,+7 (948) 589-85-98
Яков,Сизый,Григорьевич,Gonzalez-Becker,+7 (997) 879-43-91,+7 (933) 575-64-49
Павел,Кушнарёв,Евгениевич,Carroll and Sons,+7 (921) 652-96-32,+7 (940) 436-24-40
Тимофей,Азаренков,Григорьевич,Scott-Bennett,+7 (906) 461-36-18,+7 (910) 481-57-72
Илья,Балинский,Ираклиевич,Rubio LLC,+7 (924) 766-17-60,+7 (962) 686-23-93
Марина,Корсакова,Ираклиевна,Hughes-Webb,+7 (973) 403-15-83,+7 (949) 237-95-61
Надежда,Мосенцева,Егоровна,Norman-Martinez,+7 (975) 432-36-88,+7 (906) 459-45-17
Маргарита,Никологорская,Ильишна,Baker-Santos,+7 (936) 256-92-41,+7 (965) 533-84-20
Ольга,Дрягина,Порфнрьевна,"Williams, Mason and Galloway",+7 (937) 966-79-22,+7 (960) 297-49-31
Нонна,Дубинина,Ефремовна,Vasquez LLC,+7 (996) 949-65-62,+7 (915) 317-73-52
Алина,Осенных,Григорьевна,Young-Rodriguez,+7 (948) 145-14-15,+7 (960) 951-90-26
Таисия,Сиянова,Прохор,Lawson Group,+7 (931) 451-29-16,+7 (933) 163-58-46
Ника,Лескова,Леонтьевна,Smith-Davis,+7 (964) 242-15-56,+7 (980) 388-34-87
Валерий,Слепцов,Гаврннлович,"Henry, Johnson and Chung",+7 (917) 707-44-66,+7 (983) 995-36-33
Рада,Барсукова,Ефимовна,Arnold-Porter,+7 (931) 508-99-22,+7 (959) 675-91-86
Алена,Кузиева,Егоровна,"Contreras, Bennett and Powell",+7 (984) 770-61-46,+7 (984) 254-64-31
Антон,Лоськов,Георгиевич,"Barnes, Forbes and Wilson",+7 (937) 491-87-84,+7 (987) 376-38-93
Милана,Горемыкина,Лукьяновна,Delgado Inc,+7 (949) 444-68-49,+7 (979) 135-22-55
Елизавета,Запорожеца,Юрьевна,"Jones, Burton and Smith",+7 (916) 482-55-81,+7 (991) 428-85-95
Надежда,Черныйа,Леонидовна,Fernandez PLC,+7 (961) 939-42-53,+7 (951) 619-83-98
Клавдия,Шереметьева,Саввановна,"Luna, Murphy and Thomas",+7 (915) 994-95-44,+7 (992) 643-36-17
Ника,Сильвестрова,Леонидовна,Perez-Richardson,+7 (982) 711-68-61,+7 (945) 314-21-29
Сюзанна,Леонова,Давидовна,Horne LLC,+7 (927) 160-99-27,+7 (977) 964-54-89
Александра,Кимаска,Порфнрьевна,"Walker, Weaver and Hughes",+7 (915) 522-13-46,+7 (959) 420-28-39
Татьяна,Грушанина,Порфнрьевна,Holden Group,+7 (936) 964-67-47,+7 (963) 439-91-69
Игнат,Рыжиков,Даниилович,Bennett Group,+7 (991) 872-11-35,+7 (978) 858-79-28
Любовь,Чаадаева,Георгьевна,Williams-Warren,+7 (945) 504-28-21,+7 (944) 195-90-20
Инна,Царегородцева,Леонтьевна,Moore-Wilkins,+7 (988) 360-41-72,+7 (971) 535-22-81
София,Белова,Федотовна,Friedman-Ruiz,+7 (923) 384-40-63,+7 (975) 650-61-32
Елизавета,Калашник,Никитьевна,"Carson, Alvarez and Anderson",+7 (984) 341-80-49,+7 (968) 846-34-55
Ростислав,Касимов,Степанович,"Matthews, Marquez and Graves",+7 (944) 709-73-96,+7 (912) 812-35-65
Герман,Чичеров,Герасимович,Garcia Group,+7 (953) 594-58-60,+7 (928) 418-10-12
Марьяна,Шабалина,Ивановна,"Cruz, Lucero and Dean",+7 (981) 385-65-47,+7 (938) 454-59-73
Лана,Кылымнык,Георгьевна,"Smith, Johnson and Wilson",+7 (909) 184-45-33,+7 (920) 587-20-92
Татьяна,Завьялова,Афанасьевна,"Young, Hancock and Moreno",+7 (910) 945-91-61,+7 (937) 911-86-39
Надежда,Путятина,Семеновна,Haynes PLC,+7 (920) 986-52-10,+7 (907) 402-12-67
Константин,Экземплярский,Юлианович,Watkins Group,+7 (961) 696-32-92,+7 (941) 505-74-75
Ева,Дурченко,Евгеньевна,Lee-Logan,+7 (970) 975-10-41,+7 (955) 650-32-62
Валентина,Филимонова,Ефимовна,Hill LLC,+7 (993) 699-85-55,+7 (924) 505-74-52
Егор,Громыко,Иванович,Friedman-Walters,+7 (985) 431-53-95,+7 (926) 661-23-72
Георгий,Локтев,Саввеевич,Hall-James,+7 (925) 574-77-76,+7 (944) 420-69-75
Анжела,Кошечкина,Ростиславовна,Curtis-Myers,+7 (944) 723-97-75,+7 (977) 425-46-40
Ксения,Салтанова,Власовна,Thornton-Anderson,+7 (979) 110-75-89,+7 (912) 844-77-21
Алексей,Кузнецов,Юлианович,Medina and Sons,+7 (998) 618-81-82,+7 (991) 146-75-69
Максим,Дагиров,Данилович,"Rhodes, Davis and Reid",+7 (952) 357-64-75,+7 (947) 558-50-79
Ника,Гуслякова,Валерьевна,Gutierrez-Carr,+7 (962) 994-20-27,+7 (920) 263-62-14
Нина,Суснина,Александровна,Brown-Hubbard,+7 (951) 622-25-68,+7 (906) 225-63-13
Анна,Юганцева,Никифоровна,Jones Inc,+7 (988) 917-37-63,+7 (970) 824-87-94
Ксения,Косомова,Егоровна,Edwards-Miller,+7 (986) 887-43-51,+7 (954) 808-94-42
Прохор,Колтышев,Давидович,Mcintyre-Richardson,+7 (937) 412-18-86,+7 (937) 245-77-12
Марина,Ибрагимова,Геннадьевна,Reed Group,+7 (951) 776-92-62,+7 (987) 824-46-30
Тимофей,Гик,Петрович,Thomas-West,+7 (934) 218-35-94,+7 (945) 996-22-25
Ирина,Гордеева,Феоктистовна,Watson Inc,+7 (922) 338-93-89,+7 (978) 875-26-99
Филипп,Кукушкин,Артемович,Ford Group,+7 (968) 359-84-90,+7 (929) 872-19-54
Елена,Малафеева,Валентиновна,Olson-Cruz,+7 (905) 940-18-23,+7 (952) 536-75-45
Герасим,Пименов,Афанасьевич,Webster-Brock,+7 (944) 232-15-14,+7 (992) 718-14-16
Марфа,Бондарчук,Максимовна,Williams-Cruz,+7 (969) 958-45-57,+7 (999) 965-96-46
Степан,Зууфин,Николаевич,Spence LLC,+7 (933) 479-31-51,+7 (934) 313-99-32
Алла,Савинкова,Валерьевна,Wright PLC,+7 (910) 643-72-59,+7 (940) 518-71-17
Семен,Энтский,Геннадьевич,Dixon-Lopez,+7 (973) 591-41-13,+7 (984) 122-95-44
Геннадий,Коленко,Викторович,Martinez Inc,+7 (935) 399-45-86,+7 (953) 860-90-27
Юлия,Петрищева,Витальевна,"Schmidt, Cannon and Mullen",+7 (909) 352-58-66,+7 (936) 221-45-68
Серафима,Алогрина,Всеволодовна,Joyce Inc,+7 (920) 873-58-61,+7 (948) 931-34-74
Виктор,Рябкин,Елизарович,"Bolton, Navarro and Christian",+7 (994) 724-71-42,+7 (925) 786-54-94
Сюзанна,Агейкина,Ипполитовна,"Bowman, Guzman and Rogers",+7 (959) 332-27-10,+7 (982) 725-17-16
Федот,Яковченко,Савванович,Mcdaniel Group,+7 (947) 120-39-50,+7 (962) 730-86-39
Аполлинария,Искрицкая,Аркадивна,Smith LLC,+7 (946) 511-94-19,+7 (920) 617-47-91
Валентин,Корнилов,Максимович,Le-Buchanan,+7 (969) 798-77-26,+7 (942) 737-38-77
Таисия,Дубова,Петровна,Rodgers-Turner,+7 (943) 594-21-38,+7 (966) 376-81-38
Марк,Семёнов,Кириллович,Brown PLC,+7 (969) 646-12-45,+7 (910) 790-46-84
Ефим,Ягода,Герасимович,"Cole, Lewis and Goodwin",+7 (994) 733-66-54,+7 (956) 787-86-22
Илья,Русских,Ефимович,Vaughn Group,+7 (942) 437-56-71,+7 (991) 293-14-85
Аполлинария,Дернова,Тарасовна,Acevedo-Butler,+7 (990) 481-61-80,+7 (913) 462-56-78
Ефрем,Бухарин,Филиппович,Best-Gallagher,+7 (965) 667-60-13,+7 (947) 772-64-86
Дарья,Перевёртова,Якововна,Spencer-Erickson,+7 (957) 802-85-12,+7 (936) 645-64-39
Алена,Ясинская,Арсеньевна,Atkins LLC,+7 (965) 810-66-79,+7 (975) 891-77-64
Серафима,Каипова,Феодосьевна,Swanson-Reese,+7 (915) 524-30-71,+7 (957) 753-20-47
Пелагея,Сунгатулина,Никандровна,Anderson-Martin,+7 (906) 286-75-74,+7 (990) 977-87-54
Давид,Александров,Кириллович,"Carter, Hendricks and Watson",+7 (936) 508-26-53,+7 (965) 916-73-12
Иван,Кружков,Леонидович,Bell-Johnson,+7 (984) 101-34-61,+7 (953) 211-42-22
Герасим,Мандрыкин,Панкратович,"Foster, Wilson and Mccarthy",+7 (971) 916-13-43,+7 (923) 418-10-53
Тарас,Ядрищенский,Витальевич,"Paul, Goodman and Nolan",+7 (954) 885-70-17,+7 (905) 805-30-58
Виктория,Лобана,Всеволодовна,Lopez-Bennett,+7 (918) 683-16-89,+7 (968) 563-54-79
Василий,Болдырев,Витальевич,"Lopez, Smith and Richardson",+7 (948) 781-45-83,+7 (969) 457-50-44
Ева,Лихачёва,Гаврннловна,Allen-Giles,+7 (971) 270-33-77,+7 (907) 349-23-90
Федор,Косяк,Юрьевич,Singleton LLC,+7 (994) 739-29-47,+7 (934) 476-27-53
Римма,Жиглова,Федоровна,Larson Group,+7 (961) 817-36-76,+7 (962) 184-84-61
Семен,Сахаров,Трофимович,"Armstrong, Shaw and Harmon",+7 (956) 647-59-75,+7 (990) 500-44-21
Клара,Табакова,Павловна,Blackwell and Sons,+7 (916) 281-52-97,+7 (935) 370-77-19
Алиса,Алябьева,Федоровна,Carter-Harris,+7 (916) 506-12-22,+7 (932) 262-15-41
Татьяна,Горемыкина,Игнатьевна,Shepard Inc,+7 (942) 716-31-40,+7 (947) 302-84-28
Полина,Живкова,Себастьяновна,Wright LLC,+7 (929) 759-18-15,+7 (913) 785-30-42
Игнат,Буковски,Прохорович,Mccormick-Webb,+7 (925) 882-16-21,+7 (911) 477-81-76
Евгений,Стукалов,Георгиевич,Price and Sons,+7 (914) 872-16-58,+7 (910) 265-63-47
Маргарита,Ячевская,Федоровна,"Williams, Moore and Schultz",+7 (968) 885-55-54,+7 (971) 379-56-44
Афанасия,Ширинова,Саввановна,Taylor-Young,+7 (943) 304-74-14,+7 (973) 301-10-43
Аркадий,Изотов,Ростиславович,"Weber, Wilcox and Nelson",+7 (906) 304-73-81,+7 (935) 314-46-42
Василий,Гайденко,Валентинович,Forbes-Rodriguez,+7 (914) 345-69-51,+7 (915) 364-84-82
Егор,Ивашов,Германович,Walker-Gordon,+7 (967) 661-86-41,+7 (956) 864-66-82
Людмила,Краснопёрова,Севастьяновна,Thompson Ltd,+7 (995) 396-45-24,+7 (918) 409-56-35
Милана,Рассказова,Федоровна,"Meyer, Jones and Page",+7 (980) 788-54-40,+7 (958) 357-48-85
Виктор,Цызырев,Никитович,Chen-Johnson,+7 (967) 212-21-86,+7 (929) 926-50-59
Павел,Ибрагимов,Георгиевич,Hebert and Sons,+7 (960) 466-68-56,+7 (993) 924-93-32
Анфиса,Арчибасова,Игнатьевна,"Kim, Scott and Banks",+7 (923) 520-99-62,+7 (917) 445-21-28
Ева,Экземплярская,Кирилловна,Brown-Soto,+7 (940) 706-63-96,+7 (962) 486-54-19
Валерия,Ажищенкова,Феодосьевна,Stout Inc,+7 (941) 661-70-70,+7 (987) 898-70-37
Филипп,Путинцев,Петрович,Smith Group,+7 (931) 225-36-68,+7 (932) 433-99-91
Карина,Яременко,Валерьевна,Moore-Andersen,+7 (985) 674-97-87,+7 (924) 253-62-47
Маргарита,Шульгина,Николаевна,Mckenzie Group,+7 (923) 573-40-45,+7 (969) 883-88-22
Роман,Мамкин,Нифонтович,Mitchell-Barnes,+7 (920) 807-96-53,+7 (993) 328-53-18
Тамара,Завражная,Лльвона,Myers-Walters,+7 (919) 882-75-39,+7 (985) 148-10-18
Александр,Яфраков,Ефимович,Miller-Davis,+7 (932) 630-84-39,+7 (926) 662-25-99
Арина,Толстоброва,Тимофеевна,"Melendez, Bates and Cook",+7 (992) 238-93-64,+7 (980) 393-36-68
Надежда,Есикова,Витальевна,Lowery-Meyers,+7 (905) 859-43-88,+7 (931) 740-80-45
Алиса,Яшунина,Лаврентьевна,Russell LLC,+7 (974) 866-17-70,+7 (924) 874-93-50
Вероника,Агейкина,Ефимовна,"Gamble, Marsh and Johnson",+7 (920) 233-25-82,+7 (909) 657-45-13
Анжела,Уголева,Прокопьевна,"Ortiz, Hughes and Valentine",+7 (928) 600-12-98,+7 (920) 466-30-21
Ася,Мазурина,Федоровна,"Roberson, Anderson and Frazier",+7 (953) 607-94-87,+7 (939) 463-83-23
Прохор,Пыжалов,Григорьевич,Fleming-Mcmahon,+7 (981) 889-25-79,+7 (937) 320-81-88
Ирина,Остапюка,Трофимовна,Neal Ltd,+7 (967) 924-74-66,+7 (971) 210-15-86
Алла,Ковалевская,Егоровна,Henderson LLC,+7 (976) 669-68-57,+7 (934) 130-96-91
Марьямна,Рытова,Захаровна,Brown LLC,+7 (996) 490-41-41,+7 (907) 694-77-24
Василий,Гришачёв,Гаврннлович,"Norman, Reed and Wright",+7 (934) 957-61-66,+7 (992) 361-86-20
Мария,Хромченко,Романовна,Bennett and Sons,+7 (999) 154-25-91,+7 (934) 732-22-38
Арина,Сухорукова,Валерьевна,"Matthews, Dunlap and Gonzales",+7 (998) 645-40-61,+7 (908) 434-97-91
Ефрем,Корепанов,Ефремович,Buck-Sawyer,+7 (970) 157-71-31,+7 (982) 991-66-53
Марк,Новожилов,Игнатьевич,Walsh LLC,+7 (932) 256-58-76,+7 (912) 781-98-42
Мила,Яйцева,Витальевна,Jennings-Marshall,+7 (987) 135-71-24,+7 (949) 651-99-56
Роман,Меркулов,Прохорович,"Crawford, Aguirre and Jackson",+7 (998) 190-69-95,+7 (905) 315-89-61
Вениамин,Аршавин,Никитьевич,Mathis and Sons,+7 (969) 697-86-72,+7 (991) 140-82-76
Людмила,Казьмина,Викторовна,Moyer Ltd,+7 (960) 135-90-66,+7 (990) 567-64-28
Федор,Лукин,Ильич,Tate-Garrett,+7 (957) 616-27-66,+7 (969) 143-34-21
Семен,Швецов,Даниилович,"Boyle, Castaneda and Hall",+7 (974) 867-63-51,+7 (934) 979-74-67
Иннокентий,Невзоров,Александрович,"Brown, Gross and Walker",+7 (970) 288-38-39,+7 (933) 655-43-22
Владимир,Вастелов,Николаевич,89124556789,89124367897,153235235325
